ISO3,Country,Year,Diabetes_Pct,Diabetes_Treated_Pct
ASM,American Samoa,1990,0.2119316907096635,0.274700148445479
ASM,American Samoa,1991,0.220034417502778,0.271804591871756
ASM,American Samoa,1992,0.2283390860324505,0.268938313461991
ASM,American Samoa,1993,0.23688790303332602,0.26608337553264705
ASM,American Samoa,1994,0.24568594121786053,0.263203136361014
ASM,American Samoa,1995,0.2547461226195955,0.260308007850738
ASM,American Samoa,1996,0.2640167288976625,0.25752252421945
ASM,American Samoa,1997,0.2733635722204785,0.25484368429070103
ASM,American Samoa,1998,0.282665137515309,0.252339860568613
ASM,American Samoa,1999,0.291792878165975,0.25014195583695
ASM,American Samoa,2000,0.300588081840546,0.2482764440585205
ASM,American Samoa,2001,0.30886857175870697,0.246863437651586
ASM,American Samoa,2002,0.31641225678872953,0.24593280753653002
ASM,American Samoa,2003,0.32302592815611997,0.24556599207812702
ASM,American Samoa,2004,0.3286170110265455,0.2458498279410245
ASM,American Samoa,2005,0.332958407256183,0.24686488417798802
ASM,American Samoa,2006,0.3361395466406575,0.248513726312209
ASM,American Samoa,2007,0.338218613473287,0.250757384891922
ASM,American Samoa,2008,0.33915334594060254,0.253583929305573
ASM,American Samoa,2009,0.339020427315243,0.256976379487922
ASM,American Samoa,2010,0.33773701970816,0.26092233057451497
ASM,American Samoa,2011,0.3355342098090135,0.265301714756912
ASM,American Samoa,2012,0.332539565762765,0.270071680901921
ASM,American Samoa,2013,0.328869168113724,0.2751723595214335
ASM,American Samoa,2014,0.3246791446363435,0.2805664788358045
ASM,American Samoa,2015,0.320172972885764,0.286191698833125
ASM,American Samoa,2016,0.315574265202284,0.2919286343664875
ASM,American Samoa,2017,0.31094233889364054,0.297825435482241
ASM,American Samoa,2018,0.30628989202046353,0.30384100670765946
ASM,American Samoa,2019,0.30176588388235603,0.31001876247604
ASM,American Samoa,2020,0.2973753333822985,0.31635371689349745
ASM,American Samoa,2021,0.29315520422353303,0.322802433998443
ASM,American Samoa,2022,0.28912407242513705,0.3293216826267145
COK,Cook Islands,1990,0.2054000931747335,0.24718794663354648
COK,Cook Islands,1991,0.2109901609406255,0.245381137674659
COK,Cook Islands,1992,0.21659702035046,0.243743598037896
COK,Cook Islands,1993,0.2222720770173715,0.242263050252559
COK,Cook Islands,1994,0.228000336257753,0.240977949050517
COK,Cook Islands,1995,0.2338093327076125,0.2398942832789065
COK,Cook Islands,1996,0.239713047925554,0.239055508555882
COK,Cook Islands,1997,0.245617837910198,0.2384476133387445
COK,Cook Islands,1998,0.2515457289970185,0.2380772004886415
COK,Cook Islands,1999,0.2574577971341665,0.238063295893272
COK,Cook Islands,2000,0.2632688836428615,0.238340766899421
COK,Cook Islands,2001,0.26890703363699653,0.23898795731938
COK,Cook Islands,2002,0.274256459528359,0.240015411573866
COK,Cook Islands,2003,0.279175588031434,0.241447688181917
COK,Cook Islands,2004,0.2836579033764385,0.2433522768211735
COK,Cook Islands,2005,0.28762063443359154,0.2457460642373115
COK,Cook Islands,2006,0.2910331063882415,0.2486202361291675
COK,Cook Islands,2007,0.2939311022174495,0.2519753764361545
COK,Cook Islands,2008,0.2962257688549915,0.2558609993810085
COK,Cook Islands,2009,0.2978358977246405,0.2602781434864625
COK,Cook Islands,2010,0.2986816482471135,0.26524639614861
COK,Cook Islands,2011,0.298865093426289,0.2706864434157575
COK,Cook Islands,2012,0.2984112148636205,0.2766213329528605
COK,Cook Islands,2013,0.297390305830791,0.283007427330094
COK,Cook Islands,2014,0.295931609456378,0.289791795765372
COK,Cook Islands,2015,0.294076665632361,0.2969753745674715
COK,Cook Islands,2016,0.2920365443317135,0.30443181076230097
COK,Cook Islands,2017,0.28984410151213647,0.3121978840044645
COK,Cook Islands,2018,0.2875436862929075,0.3202248932436405
COK,Cook Islands,2019,0.28522653550917854,0.32854111146
COK,Cook Islands,2020,0.2829153746519965,0.33712245402123653
COK,Cook Islands,2021,0.28063111218581704,0.3459555456372505
COK,Cook Islands,2022,0.27841060960742003,0.35493785317377047
FJI,Fiji,1990,0.1160606272087265,0.328564482325561
FJI,Fiji,1991,0.1171968554976015,0.326771650938842
FJI,Fiji,1992,0.118450113035248,0.32495760336875446
FJI,Fiji,1993,0.11989303025744699,0.32312299320847804
FJI,Fiji,1994,0.1215751452360305,0.3212456878906375
FJI,Fiji,1995,0.123568515521483,0.319288508918692
FJI,Fiji,1996,0.12590302793276248,0.317274315473122
FJI,Fiji,1997,0.12864805248161001,0.3151945500747475
FJI,Fiji,1998,0.131857226331704,0.3129857139088345
FJI,Fiji,1999,0.135634945185328,0.310624457022766
FJI,Fiji,2000,0.1400022879392065,0.308062966193171
FJI,Fiji,2001,0.1449838118357255,0.305314155494168
FJI,Fiji,2002,0.1505657894203445,0.3023385563066525
FJI,Fiji,2003,0.1567231505571105,0.299139674974038
FJI,Fiji,2004,0.163311129853963,0.29577584883166197
FJI,Fiji,2005,0.1701860859566075,0.2923572447506725
FJI,Fiji,2006,0.177116343086492,0.2889728922876095
FJI,Fiji,2007,0.183866855385849,0.2856715565225115
FJI,Fiji,2008,0.1902440585563125,0.28260240634169354
FJI,Fiji,2009,0.196001555302576,0.2798378044996675
FJI,Fiji,2010,0.2008514284778905,0.27746688842034
FJI,Fiji,2011,0.204995709620037,0.27537828621770455
FJI,Fiji,2012,0.2085575629177485,0.273556411307685
FJI,Fiji,2013,0.21160860507239548,0.27192920494204254
FJI,Fiji,2014,0.214327306393779,0.27042408843785903
FJI,Fiji,2015,0.216795600255472,0.269110465559584
FJI,Fiji,2016,0.219150844501811,0.2679261065795555
FJI,Fiji,2017,0.22142625398552052,0.2668400380160985
FJI,Fiji,2018,0.2236765434266365,0.2659135789801485
FJI,Fiji,2019,0.22602972006872601,0.265164753751242
FJI,Fiji,2020,0.228518953264925,0.264644193351712
FJI,Fiji,2021,0.231129321504417,0.264289977893278
FJI,Fiji,2022,0.2339191074690355,0.2640721619068795
FSM,Federated States of Micronesia,1990,0.1895893702537105,0.21382731153491602
FSM,Federated States of Micronesia,1991,0.193878178254747,0.2117781020272695
FSM,Federated States of Micronesia,1992,0.198322888984153,0.20984510332307948
FSM,Federated States of Micronesia,1993,0.20295669275390998,0.2080649609334415
FSM,Federated States of Micronesia,1994,0.2078031813248605,0.20641567943739653
FSM,Federated States of Micronesia,1995,0.21295730646775,0.204910416485308
FSM,Federated States of Micronesia,1996,0.218444865409343,0.2035957943382885
FSM,Federated States of Micronesia,1997,0.2242510336265005,0.2024922208732505
FSM,Federated States of Micronesia,1998,0.23040862161790898,0.201566957555522
FSM,Federated States of Micronesia,1999,0.236917989039789,0.2008670661722745
FSM,Federated States of Micronesia,2000,0.24375461998444098,0.2003590465835
FSM,Federated States of Micronesia,2001,0.250911892724276,0.2000877400652245
FSM,Federated States of Micronesia,2002,0.2583152988906145,0.20008952490131
FSM,Federated States of Micronesia,2003,0.265904037025255,0.2004031881695265
FSM,Federated States of Micronesia,2004,0.2735707107499545,0.20108621703548102
FSM,Federated States of Micronesia,2005,0.2811279220545695,0.2021451302914405
FSM,Federated States of Micronesia,2006,0.28850318328255997,0.2035874856703275
FSM,Federated States of Micronesia,2007,0.29557132754380955,0.20543321125513
FSM,Federated States of Micronesia,2008,0.302099412384277,0.207751763665473
FSM,Federated States of Micronesia,2009,0.3078048869646615,0.21058668188360952
FSM,Federated States of Micronesia,2010,0.312397199041928,0.21395735562146
FSM,Federated States of Micronesia,2011,0.3160713715040105,0.21776876100388598
FSM,Federated States of Micronesia,2012,0.318900159657711,0.22201114551554402
FSM,Federated States of Micronesia,2013,0.321035392290449,0.22656941891167398
FSM,Federated States of Micronesia,2014,0.322620873437724,0.23144072051276599
FSM,Federated States of Micronesia,2015,0.3237983009724205,0.23655396490136998
FSM,Federated States of Micronesia,2016,0.32485763900730746,0.2417858635476
FSM,Federated States of Micronesia,2017,0.3258211475011455,0.2471712744876715
FSM,Federated States of Micronesia,2018,0.326700088987713,0.2526875474622115
FSM,Federated States of Micronesia,2019,0.327593493579381,0.25837249583733146
FSM,Federated States of Micronesia,2020,0.3285899544181925,0.264225829134489
FSM,Federated States of Micronesia,2021,0.329653878490049,0.270184238930829
FSM,Federated States of Micronesia,2022,0.33084102681689,0.2762386963671245
KIR,Kiribati,1990,0.144293040962013,0.18883460771376298
KIR,Kiribati,1991,0.152664285711394,0.18943009878168598
KIR,Kiribati,1992,0.16093814604039752,0.1900085854124855
KIR,Kiribati,1993,0.169098147179986,0.190530818086862
KIR,Kiribati,1994,0.17706805795612102,0.191013887539877
KIR,Kiribati,1995,0.184864891740529,0.1914583115533
KIR,Kiribati,1996,0.1924587595064055,0.19187522906646298
KIR,Kiribati,1997,0.19976208497001752,0.192272642702637
KIR,Kiribati,1998,0.20669744303245652,0.1926869269241855
KIR,Kiribati,1999,0.2132339331274365,0.1931496334401255
KIR,Kiribati,2000,0.2192961352433345,0.193657500306623
KIR,Kiribati,2001,0.2247874534000845,0.19426358003236
KIR,Kiribati,2002,0.2295831136343155,0.19498361528451852
KIR,Kiribati,2003,0.2336082909407335,0.1958466310227635
KIR,Kiribati,2004,0.23680714237546852,0.1968641019607185
KIR,Kiribati,2005,0.239167298485101,0.198050180422578
KIR,Kiribati,2006,0.240682412161535,0.19937720622197902
KIR,Kiribati,2007,0.24136532478593198,0.2008866465964425
KIR,Kiribati,2008,0.241200199036751,0.202614665536948
KIR,Kiribati,2009,0.2402026597580565,0.2045278506104165
KIR,Kiribati,2010,0.23837064278470899,0.2066238151228885
KIR,Kiribati,2011,0.2358493756161255,0.2088567960155175
KIR,Kiribati,2012,0.2326816407460635,0.2112389810668375
KIR,Kiribati,2013,0.2290624191278205,0.2137551932091895
KIR,Kiribati,2014,0.22511552663829,0.21642076717501652
KIR,Kiribati,2015,0.220962698307878,0.219200153071137
KIR,Kiribati,2016,0.216786288986769,0.2220645024389995
KIR,Kiribati,2017,0.212615795759278,0.225116331310293
KIR,Kiribati,2018,0.2085136940248165,0.2283231631135615
KIR,Kiribati,2019,0.204566227524072,0.231729203055442
KIR,Kiribati,2020,0.200774509079308,0.2353218077553375
KIR,Kiribati,2021,0.197157902496216,0.239075012977569
KIR,Kiribati,2022,0.193722933413137,0.242975043847763
MHL,Marshall Islands,1990,0.25236858824597097,0.24593342200998652
MHL,Marshall Islands,1991,0.2603669734761125,0.245136760893848
MHL,Marshall Islands,1992,0.2683198310252325,0.24440428475266202
MHL,Marshall Islands,1993,0.27621524533840003,0.243742873304499
MHL,Marshall Islands,1994,0.28402986467193303,0.2431884663023595
MHL,Marshall Islands,1995,0.29172002785171547,0.2426725970538955
MHL,Marshall Islands,1996,0.29926865405048897,0.2423041437299245
MHL,Marshall Islands,1997,0.30665113308570546,0.2420496404771385
MHL,Marshall Islands,1998,0.313784555004201,0.241883491389758
MHL,Marshall Islands,1999,0.3205684964410445,0.24190339890900148
MHL,Marshall Islands,2000,0.32685147722644503,0.242049894436075
MHL,Marshall Islands,2001,0.3325223121900775,0.2424133197311435
MHL,Marshall Islands,2002,0.33744214038742404,0.2429734728106615
MHL,Marshall Islands,2003,0.34147295323946547,0.243805870925966
MHL,Marshall Islands,2004,0.34461879236391546,0.2448636166463555
MHL,Marshall Islands,2005,0.3468710429115535,0.2461891906615845
MHL,Marshall Islands,2006,0.34828152688480596,0.2477833315063125
MHL,Marshall Islands,2007,0.3489012900949735,0.249586550766591
MHL,Marshall Islands,2008,0.348685469774817,0.25161461027592047
MHL,Marshall Islands,2009,0.3476393723385945,0.253908118698338
MHL,Marshall Islands,2010,0.345706677084026,0.2564386448355775
MHL,Marshall Islands,2011,0.3430594173512175,0.2591518516305365
MHL,Marshall Islands,2012,0.33974660756507047,0.26199205963815453
MHL,Marshall Islands,2013,0.3359404807601005,0.2649285858538025
MHL,Marshall Islands,2014,0.331757102201026,0.2679963661960685
MHL,Marshall Islands,2015,0.3273514989688015,0.27113862119918053
MHL,Marshall Islands,2016,0.3228502740230715,0.27428644792838497
MHL,Marshall Islands,2017,0.3182871375881935,0.2775466311111425
MHL,Marshall Islands,2018,0.31371125282491397,0.28088996875210304
MHL,Marshall Islands,2019,0.309224475245037,0.284407620217128
MHL,Marshall Islands,2020,0.304792781136193,0.288105772688584
MHL,Marshall Islands,2021,0.30043393436537347,0.29194812356287747
MHL,Marshall Islands,2022,0.2962029670864025,0.295877721543135
NIU,Niue,1990,0.178882568437581,0.260877107239284
NIU,Niue,1991,0.1834252080431945,0.2598241920850855
NIU,Niue,1992,0.1879834844101225,0.25891809196891
NIU,Niue,1993,0.1925522232697355,0.25811469011842497
NIU,Niue,1994,0.19713670640804049,0.257452785315766
NIU,Niue,1995,0.2017424301053655,0.256938583198508
NIU,Niue,1996,0.206407751047176,0.2566580195382585
NIU,Niue,1997,0.211110018235513,0.2565927697029195
NIU,Niue,1998,0.2158038573079715,0.256724180106005
NIU,Niue,1999,0.22039841000071,0.25713763586814653
NIU,Niue,2000,0.2248568760891685,0.25779627868280053
NIU,Niue,2001,0.229124489345986,0.2587873151081545
NIU,Niue,2002,0.2330897783843645,0.2601176411651835
NIU,Niue,2003,0.236675646555252,0.2618173857418265
NIU,Niue,2004,0.239864948192685,0.263914134828101
NIU,Niue,2005,0.242601166562375,0.266395038818056
NIU,Niue,2006,0.2448659231575055,0.2692199506432915
NIU,Niue,2007,0.24668476176281,0.272352565729031
NIU,Niue,2008,0.24799847896342447,0.275876397569991
NIU,Niue,2009,0.2487797405656545,0.279810520707569
NIU,Niue,2010,0.248919180369342,0.28411469840772596
NIU,Niue,2011,0.2485693177943445,0.288712156207682
NIU,Niue,2012,0.247781951507,0.29358559382522254
NIU,Niue,2013,0.2466349437846545,0.298639871590487
NIU,Niue,2014,0.245265598202559,0.3038805933216805
NIU,Niue,2015,0.2437391108595805,0.309249537126595
NIU,Niue,2016,0.2422461446843415,0.314647014121197
NIU,Niue,2017,0.240783614978817,0.3201288411157085
NIU,Niue,2018,0.2393775511981195,0.3256602026968135
NIU,Niue,2019,0.2381090477808025,0.33130349737939246
NIU,Niue,2020,0.2369580465039415,0.33707417567091646
NIU,Niue,2021,0.2359377686718075,0.3429417484878785
NIU,Niue,2022,0.2350731469735145,0.3488497233631635
NRU,Nauru,1990,0.3070129577069265,0.316826114466786
NRU,Nauru,1991,0.307554630132651,0.311398578302584
NRU,Nauru,1992,0.307838631032748,0.306472795068154
NRU,Nauru,1993,0.30792110744933854,0.30203639504222246
NRU,Nauru,1994,0.30772776531233004,0.2982223481183215
NRU,Nauru,1995,0.30725818717971654,0.29503564009190253
NRU,Nauru,1996,0.30660397310315146,0.2925355451309155
NRU,Nauru,1997,0.30581449417671347,0.290734488449917
NRU,Nauru,1998,0.3049303461437945,0.289593231995787
NRU,Nauru,1999,0.30398665080173704,0.28920212631980047
NRU,Nauru,2000,0.3029275940074,0.28948846560124797
NRU,Nauru,2001,0.301754963813876,0.29052183199220705
NRU,Nauru,2002,0.300420558008589,0.292270848003509
NRU,Nauru,2003,0.298874873755387,0.2947813220001275
NRU,Nauru,2004,0.297197484877198,0.298028098159202
NRU,Nauru,2005,0.295337237606275,0.302073294832892
NRU,Nauru,2006,0.29338283763643747,0.3068787206274255
NRU,Nauru,2007,0.29135075034554647,0.3124170438561975
NRU,Nauru,2008,0.28916046594639,0.3187402070573455
NRU,Nauru,2009,0.2867568219397665,0.325743009651533
NRU,Nauru,2010,0.2840120514697515,0.33338591213479396
NRU,Nauru,2011,0.28106228162541846,0.3415367906204815
NRU,Nauru,2012,0.2779089780009575,0.350168572142306
NRU,Nauru,2013,0.2746756085547205,0.3591629216354295
NRU,Nauru,2014,0.2714790303759975,0.3683799631314315
NRU,Nauru,2015,0.26839441481446147,0.377737046415451
NRU,Nauru,2016,0.265569992962848,0.387083068392963
NRU,Nauru,2017,0.2629638096225125,0.396450052616171
NRU,Nauru,2018,0.26050173513834696,0.40584799130989
NRU,Nauru,2019,0.25827317032227,0.415276178317547
NRU,Nauru,2020,0.256251117055599,0.42473437152223803
NRU,Nauru,2021,0.254401195599971,0.4341973402926485
NRU,Nauru,2022,0.2527433658282625,0.4435950552373855
PLW,Palau,1990,0.1613474271356955,0.29532283022649697
PLW,Palau,1991,0.1662803952015025,0.29438863938155047
PLW,Palau,1992,0.17118506748711548,0.2936780561770565
PLW,Palau,1993,0.176041344968073,0.29313415251279695
PLW,Palau,1994,0.180816075213076,0.2927838027709835
PLW,Palau,1995,0.185512353657884,0.292708820128495
PLW,Palau,1996,0.1901530860528235,0.29296839147578946
PLW,Palau,1997,0.1946739436997245,0.29352551646989
PLW,Palau,1998,0.1990054369231585,0.29442969045666
PLW,Palau,1999,0.2030999526754575,0.29569601346435304
PLW,Palau,2000,0.2068676401023645,0.29734440675964147
PLW,Palau,2001,0.210208087603555,0.2994445286250885
PLW,Palau,2002,0.21304820439439848,0.302029651052634
PLW,Palau,2003,0.21527980564864752,0.305141923311379
PLW,Palau,2004,0.2168689310362515,0.30876964473812196
PLW,Palau,2005,0.21777501047450248,0.312944335626202
PLW,Palau,2006,0.217956791801822,0.31765069352536746
PLW,Palau,2007,0.2174202095388575,0.32290857165258346
PLW,Palau,2008,0.21616756136465548,0.32873316011784703
PLW,Palau,2009,0.214171876626737,0.3351234023568455
PLW,Palau,2010,0.211329743701891,0.342040096795007
PLW,Palau,2011,0.2078137893386145,0.3493907793423765
PLW,Palau,2012,0.203670604165479,0.3572157090107465
PLW,Palau,2013,0.199038879133626,0.3654258692570195
PLW,Palau,2014,0.1941295502769435,0.3739207097808145
PLW,Palau,2015,0.189087569646045,0.3826415640698245
PLW,Palau,2016,0.1841596428158575,0.391393426936418
PLW,Palau,2017,0.1794284999722685,0.40016736889870297
PLW,Palau,2018,0.174902180783505,0.408966106740137
PLW,Palau,2019,0.17062899687129301,0.417797918334841
PLW,Palau,2020,0.166584835767727,0.426593031156108
PLW,Palau,2021,0.16282510531865002,0.43539459533324054
PLW,Palau,2022,0.1593484162011165,0.44414480681874646
PYF,French Polynesia,1990,0.1266966101254065,0.2628750647441705
PYF,French Polynesia,1991,0.12900811793946648,0.26195475620666353
PYF,French Polynesia,1992,0.131310807337672,0.261183365041771
PYF,French Polynesia,1993,0.1336128759553325,0.260524308662365
PYF,French Polynesia,1994,0.1359046671716655,0.2600002876667275
PYF,French Polynesia,1995,0.1382071025138745,0.259624423149847
PYF,French Polynesia,1996,0.1405182386300545,0.259481202907231
PYF,French Polynesia,1997,0.1428121525191105,0.259572304529671
PYF,French Polynesia,1998,0.14506905870507,0.25988548914024145
PYF,French Polynesia,1999,0.147281974641459,0.260475111982451
PYF,French Polynesia,2000,0.149385935450714,0.2613243218913275
PYF,French Polynesia,2001,0.15139361622356,0.2624949202149385
PYF,French Polynesia,2002,0.153242661935839,0.263954684814899
PYF,French Polynesia,2003,0.15486263835275849,0.265802482393471
PYF,French Polynesia,2004,0.15627978444296398,0.268027373403666
PYF,French Polynesia,2005,0.15743678514020898,0.2706566135161125
PYF,French Polynesia,2006,0.158378681128566,0.27364775872235203
PYF,French Polynesia,2007,0.159138845605943,0.27700767632052203
PYF,French Polynesia,2008,0.15970904391486151,0.2807674668386255
PYF,French Polynesia,2009,0.160108538994738,0.2849054118095025
PYF,French Polynesia,2010,0.1603303171404365,0.2893796372619075
PYF,French Polynesia,2011,0.16053333415994397,0.294051580794556
PYF,French Polynesia,2012,0.1606442922037865,0.298949225283622
PYF,French Polynesia,2013,0.1607292529713655,0.3040156987249655
PYF,French Polynesia,2014,0.1608468399479845,0.30924835802586903
PYF,French Polynesia,2015,0.16103595050317,0.314596553050208
PYF,French Polynesia,2016,0.161429939162435,0.3199734785705225
PYF,French Polynesia,2017,0.1619712878767185,0.325447436747513
PYF,French Polynesia,2018,0.1626677594321975,0.33097916755528
PYF,French Polynesia,2019,0.163571317702731,0.33664235973661805
PYF,French Polynesia,2020,0.1646401593672145,0.3423722045383415
PYF,French Polynesia,2021,0.1658818983021135,0.3482143064942355
PYF,French Polynesia,2022,0.167322860395393,0.354083853175697
SLB,Solomon Islands,1990,0.06565427622557385,0.20292027082352349
SLB,Solomon Islands,1991,0.06664374145387356,0.200645381789766
SLB,Solomon Islands,1992,0.06761791815776555,0.19838987823632248
SLB,Solomon Islands,1993,0.06861189238843579,0.19615939780952
SLB,Solomon Islands,1994,0.06963927806621295,0.1939582556232325
SLB,Solomon Islands,1995,0.07068740976263191,0.191771607656428
SLB,Solomon Islands,1996,0.0717515011397945,0.1895933550222885
SLB,Solomon Islands,1997,0.07285036930122885,0.187407940407075
SLB,Solomon Islands,1998,0.07399673970102165,0.1852235979422805
SLB,Solomon Islands,1999,0.0751994703640254,0.183020726777278
SLB,Solomon Islands,2000,0.07644674214365416,0.1808474831054205
SLB,Solomon Islands,2001,0.07769892028855654,0.1787007663952625
SLB,Solomon Islands,2002,0.07894853996230215,0.1765618318310995
SLB,Solomon Islands,2003,0.080142232867133,0.1744338326093285
SLB,Solomon Islands,2004,0.0812456265730913,0.1723465266884665
SLB,Solomon Islands,2005,0.08219103088766891,0.17034160815580152
SLB,Solomon Islands,2006,0.08288334792768205,0.168408301247811
SLB,Solomon Islands,2007,0.08320722801346836,0.16661823928651348
SLB,Solomon Islands,2008,0.0831549173359281,0.1649373240169545
SLB,Solomon Islands,2009,0.0827082687017881,0.16342660240107248
SLB,Solomon Islands,2010,0.0818369658127316,0.16210735181410202
SLB,Solomon Islands,2011,0.08067949458261285,0.16096501816547
SLB,Solomon Islands,2012,0.07927044259265995,0.1599928743974475
SLB,Solomon Islands,2013,0.0776610290553065,0.15917027144309798
SLB,Solomon Islands,2014,0.0759459128552705,0.158487691519595
SLB,Solomon Islands,2015,0.0742006725055859,0.1580145195034855
SLB,Solomon Islands,2016,0.07251904173947696,0.15772127546127301
SLB,Solomon Islands,2017,0.0709363208698961,0.1575926704869745
SLB,Solomon Islands,2018,0.0694742448395724,0.1576530340617695
SLB,Solomon Islands,2019,0.0681978297703868,0.1579443403607275
SLB,Solomon Islands,2020,0.06710799137551784,0.1584378546470695
SLB,Solomon Islands,2021,0.06617015028214784,0.1591453626866795
SLB,Solomon Islands,2022,0.06539150318872165,0.1600318131782245
TKL,Tokelau,1990,0.22738307817827652,0.2641477152600705
TKL,Tokelau,1991,0.2332695479192415,0.2623399092243085
TKL,Tokelau,1992,0.23919847730690602,0.2607262878181485
TKL,Tokelau,1993,0.245168681457246,0.25933769856038746
TKL,Tokelau,1994,0.251182110627944,0.2581957737909295
TKL,Tokelau,1995,0.257286928823251,0.257297433411048
TKL,Tokelau,1996,0.263502468834371,0.25676649637661747
TKL,Tokelau,1997,0.26974703152521395,0.2565386599243485
TKL,Tokelau,1998,0.276021769013965,0.2566423771894135
TKL,Tokelau,1999,0.282272224901819,0.2571736859005245
TKL,Tokelau,2000,0.28841234903089097,0.258102209886201
TKL,Tokelau,2001,0.2943539672630425,0.259506507688756
TKL,Tokelau,2002,0.29999426080465297,0.26140305659352553
TKL,Tokelau,2003,0.3052166701407615,0.2638449911131765
TKL,Tokelau,2004,0.30999675148350503,0.26684714359275197
TKL,Tokelau,2005,0.31425194274304646,0.27047500106111
TKL,Tokelau,2006,0.31790426166153296,0.2747169301676845
TKL,Tokelau,2007,0.320974245876977,0.2795708167036245
TKL,Tokelau,2008,0.32342766339311046,0.2850167346042225
TKL,Tokelau,2009,0.325230983842561,0.2910079595435085
TKL,Tokelau,2010,0.326294229583051,0.2975351415445225
TKL,Tokelau,2011,0.326693976133774,0.30447470666676046
TKL,Tokelau,2012,0.3264422758137235,0.311794696235578
TKL,Tokelau,2013,0.325675248253149,0.31937586691777897
TKL,Tokelau,2014,0.324500438431611,0.32717383085081053
TKL,Tokelau,2015,0.322986626996553,0.335111818794186
TKL,Tokelau,2016,0.32131229915015247,0.34309611787446703
TKL,Tokelau,2017,0.3195677241712815,0.351153248688098
TKL,Tokelau,2018,0.317772371701903,0.359321283000155
TKL,Tokelau,2019,0.3160343415834945,0.3676319922711835
TKL,Tokelau,2020,0.31433995056243946,0.375999075649576
TKL,Tokelau,2021,0.31275646442111205,0.38442847396040447
TKL,Tokelau,2022,0.3113004704730325,0.392852755118385
TON,Tonga,1990,0.156601853167769,0.2527685380419095
TON,Tonga,1991,0.15977393759387698,0.251690293824125
TON,Tonga,1992,0.16299309690340502,0.2507046519931045
TON,Tonga,1993,0.16626989830724148,0.2498436984577565
TON,Tonga,1994,0.1696009606796955,0.24915917643729202
TON,Tonga,1995,0.173013662718022,0.248625922725494
TON,Tonga,1996,0.176546605560959,0.2482914368139595
TON,Tonga,1997,0.180171937539049,0.2481476519628035
TON,Tonga,1998,0.1838511175614635,0.24820339402631203
TON,Tonga,1999,0.1876394217755205,0.24856638022413902
TON,Tonga,2000,0.19148432537712,0.2491895708776025
TON,Tonga,2001,0.195335081416891,0.250175295398047
TON,Tonga,2002,0.199112785576191,0.2514237684460595
TON,Tonga,2003,0.2027293986150155,0.25300774916718
TON,Tonga,2004,0.206221017559099,0.2549235034695235
TON,Tonga,2005,0.209554531088708,0.2571968638466115
TON,Tonga,2006,0.212700189880592,0.259848555175763
TON,Tonga,2007,0.21562544257807498,0.2628475960603945
TON,Tonga,2008,0.218243745071663,0.266242693745801
TON,Tonga,2009,0.22050850305748299,0.27004699682410604
TON,Tonga,2010,0.22230045892164801,0.2742495305973815
TON,Tonga,2011,0.22369059880019848,0.278772368854217
TON,Tonga,2012,0.224684382264799,0.2835832820478535
TON,Tonga,2013,0.2253771863741995,0.28866630338391197
TON,Tonga,2014,0.22589703134794997,0.293977624920683
TON,Tonga,2015,0.2263032741949625,0.299474729408154
TON,Tonga,2016,0.226753883505374,0.3050045125968065
TON,Tonga,2017,0.22725354784645202,0.31063070605428
TON,Tonga,2018,0.22781707202268,0.316347942257444
TON,Tonga,2019,0.228519378235293,0.3221487215759275
TON,Tonga,2020,0.229333097305458,0.3280635239954135
TON,Tonga,2021,0.230295514196496,0.33408939080934397
TON,Tonga,2022,0.231374095753784,0.3401354804877065
TUV,Tuvalu,1990,0.135319241842433,0.284130506495524
TUV,Tuvalu,1991,0.13869774417123398,0.2832730208502545
TUV,Tuvalu,1992,0.142023456294049,0.28257891530756496
TUV,Tuvalu,1993,0.1453116868263575,0.28202541864901254
TUV,Tuvalu,1994,0.148524305408639,0.2816471260383845
TUV,Tuvalu,1995,0.1516835950184785,0.281432605743066
TUV,Tuvalu,1996,0.154793301421987,0.281510144060245
TUV,Tuvalu,1997,0.1578031608805045,0.281830762018091
TUV,Tuvalu,1998,0.160689684852021,0.2824399871614975
TUV,Tuvalu,1999,0.163405308927644,0.283416744129542
TUV,Tuvalu,2000,0.1658490048273045,0.28469068313940804
TUV,Tuvalu,2001,0.16800249691917551,0.2863327519121145
TUV,Tuvalu,2002,0.169765502998565,0.288369810255461
TUV,Tuvalu,2003,0.171033125817624,0.2908357010060025
TUV,Tuvalu,2004,0.171837054511194,0.2937095049752505
TUV,Tuvalu,2005,0.1721251856180305,0.29704507852628204
TUV,Tuvalu,2006,0.171916837404231,0.3008297131711565
TUV,Tuvalu,2007,0.17123173401637348,0.30502431968342747
TUV,Tuvalu,2008,0.17005423111464252,0.309616565059801
TUV,Tuvalu,2009,0.1683893596399365,0.3146158515211195
TUV,Tuvalu,2010,0.16619323749084,0.3200084467923415
TUV,Tuvalu,2011,0.163627254184844,0.3257274754553195
TUV,Tuvalu,2012,0.1607130132441545,0.3317180251059785
TUV,Tuvalu,2013,0.1575875245781655,0.337957525719845
TUV,Tuvalu,2014,0.154425671861753,0.34435038483720304
TUV,Tuvalu,2015,0.1513303501261835,0.350864400106057
TUV,Tuvalu,2016,0.1484564845863915,0.3573439326618395
TUV,Tuvalu,2017,0.1457960823430725,0.3638741703160395
TUV,Tuvalu,2018,0.1433316671280535,0.3704028522569285
TUV,Tuvalu,2019,0.141087054950067,0.376994583497069
TUV,Tuvalu,2020,0.1390747070005935,0.383618972671277
TUV,Tuvalu,2021,0.137284135972533,0.39031900243040496
TUV,Tuvalu,2022,0.1357149209923655,0.3970048703118755
VUT,Vanuatu,1990,0.07289892113033955,0.1811009921694685
VUT,Vanuatu,1991,0.07289751822227811,0.17814027147134398
VUT,Vanuatu,1992,0.07311362494888471,0.17525872671605
VUT,Vanuatu,1993,0.07357925016699646,0.1724087935433885
VUT,Vanuatu,1994,0.0743440613020821,0.169624228742296
VUT,Vanuatu,1995,0.07547119062453905,0.16691517425659702
VUT,Vanuatu,1996,0.07701468995584496,0.16421394526175548
VUT,Vanuatu,1997,0.07901090162982295,0.16154865076921648
VUT,Vanuatu,1998,0.08154524953701656,0.15889506300551048
VUT,Vanuatu,1999,0.08472548302363656,0.1562076301959635
VUT,Vanuatu,2000,0.0885393401922635,0.1535317443695895
VUT,Vanuatu,2001,0.0929782882638789,0.150924947429502
VUT,Vanuatu,2002,0.0979955125977223,0.1483549052440585
VUT,Vanuatu,2003,0.103559791300585,0.14584282341196098
VUT,Vanuatu,2004,0.10963930904477501,0.1434217339662205
VUT,Vanuatu,2005,0.1161305732486205,0.1411271399320315
VUT,Vanuatu,2006,0.1229309845926715,0.139009531329522
VUT,Vanuatu,2007,0.129907692062322,0.1370771090061735
VUT,Vanuatu,2008,0.1369546772317815,0.1353541941392905
VUT,Vanuatu,2009,0.1439013919727,0.13390471053228098
VUT,Vanuatu,2010,0.150582409707599,0.132774698801548
VUT,Vanuatu,2011,0.157003070186866,0.131944737686615
VUT,Vanuatu,2012,0.1631094651170415,0.131460037161262
VUT,Vanuatu,2013,0.168959765931817,0.1312610936451155
VUT,Vanuatu,2014,0.1746797785361165,0.131311084763339
VUT,Vanuatu,2015,0.180324642182041,0.1315772168363025
VUT,Vanuatu,2016,0.1860107025868445,0.13207051749933302
VUT,Vanuatu,2017,0.1917793951582235,0.1327437124740465
VUT,Vanuatu,2018,0.19766705675135,0.133593118167112
VUT,Vanuatu,2019,0.2037785981636725,0.134673587614584
VUT,Vanuatu,2020,0.2101095368665425,0.1359512793534995
VUT,Vanuatu,2021,0.2166672997448515,0.137423987309329
VUT,Vanuatu,2022,0.22348522669412402,0.1390839040314755
WSM,Samoa,1990,0.1179368965725745,0.25794632511821447
WSM,Samoa,1991,0.1207728507061065,0.256376316814825
WSM,Samoa,1992,0.12370046810715149,0.255089365984934
WSM,Samoa,1993,0.126778379102947,0.254131775064882
WSM,Samoa,1994,0.1300547830512655,0.253528119521867
WSM,Samoa,1995,0.1335595652009835,0.253313388127056
WSM,Samoa,1996,0.137339272292755,0.25364438961062097
WSM,Samoa,1997,0.141315453837586,0.2544991224541485
WSM,Samoa,1998,0.145380016664697,0.25589100399143
WSM,Samoa,1999,0.149483973512131,0.257891109462472
WSM,Samoa,2000,0.1534940996999155,0.260443368288016
WSM,Samoa,2001,0.1572904258692215,0.2636682817420815
WSM,Samoa,2002,0.16075455437817648,0.267547891913646
WSM,Samoa,2003,0.1637284902134175,0.272135491596431
WSM,Samoa,2004,0.166245843960242,0.2774378487660645
WSM,Samoa,2005,0.1682833606149245,0.2834308553592215
WSM,Samoa,2006,0.1698799684409305,0.2900053509296665
WSM,Samoa,2007,0.171086035822376,0.297089740070004
WSM,Samoa,2008,0.171885374979851,0.30462520396173953
WSM,Samoa,2009,0.17228762379788248,0.31255211094776203
WSM,Samoa,2010,0.1722640645629075,0.3207689734153435
WSM,Samoa,2011,0.1720171103966805,0.3290909039450135
WSM,Samoa,2012,0.171562071443816,0.337530628660695
WSM,Samoa,2013,0.1709238403216795,0.34603627364621603
WSM,Samoa,2014,0.1702105721887635,0.35458860268864045
WSM,Samoa,2015,0.16947159279686402,0.3631682045881285
WSM,Samoa,2016,0.16882506543625247,0.3716983787404095
WSM,Samoa,2017,0.1682849805654195,0.3802014153325115
WSM,Samoa,2018,0.167849735422352,0.3886742293529385
WSM,Samoa,2019,0.1675543425838775,0.397139341081321
WSM,Samoa,2020,0.1673880898959695,0.4055887557903925
WSM,Samoa,2021,0.167351730300918,0.41406329706652
WSM,Samoa,2022,0.167483563273805,0.4223918177395855
