ISO3,Country,Year,Population,Population_Thousands,Population_Density,Median_Age,Population_Growth_Rate
FJI,Fiji,1950,309514.0,309.514,16.941,16.775,2.031
FJI,Fiji,1951,316123.0,316.123,17.303,16.586,2.194
FJI,Fiji,1952,323365.0,323.365,17.699,16.413,2.334
FJI,Fiji,1953,331215.0,331.215,18.129,16.258,2.462
FJI,Fiji,1954,339745.0,339.745,18.596,16.122,2.621
FJI,Fiji,1955,349070.0,349.07,19.106,16.004,2.792
FJI,Fiji,1956,359210.0,359.21,19.661,15.9,2.933
FJI,Fiji,1957,369913.0,369.913,20.247,15.812,2.94
FJI,Fiji,1958,381072.0,381.072,20.858,15.741,3.003
FJI,Fiji,1959,392760.0,392.76,21.498,15.676,3.038
FJI,Fiji,1960,404887.0,404.887,22.161,15.611,3.044
FJI,Fiji,1961,417406.0,417.406,22.846,15.556,3.045
FJI,Fiji,1962,430536.0,430.536,23.565,15.522,3.148
FJI,Fiji,1963,444276.0,444.276,24.317,15.516,3.135
FJI,Fiji,1964,458324.0,458.324,25.086,15.541,3.091
FJI,Fiji,1965,472575.0,472.575,25.866,15.592,3.034
FJI,Fiji,1966,486487.0,486.487,26.628,15.664,2.773
FJI,Fiji,1967,498873.0,498.873,27.306,15.74,2.262
FJI,Fiji,1968,510002.0,510.002,27.915,15.826,2.152
FJI,Fiji,1969,520797.0,520.797,28.506,15.943,2.038
FJI,Fiji,1970,531188.0,531.188,29.074,16.086,1.914
FJI,Fiji,1971,541121.0,541.121,29.618,16.259,1.793
FJI,Fiji,1972,550499.0,550.499,30.131,16.463,1.645
FJI,Fiji,1973,559222.0,559.222,30.609,16.693,1.501
FJI,Fiji,1974,567489.0,567.489,31.061,16.943,1.435
FJI,Fiji,1975,575906.0,575.906,31.522,17.198,1.51
FJI,Fiji,1976,585534.0,585.534,32.049,17.445,1.804
FJI,Fiji,1977,597805.0,597.805,32.721,17.672,2.339
FJI,Fiji,1978,612091.0,612.091,33.503,17.882,2.384
FJI,Fiji,1979,626862.0,626.862,34.311,18.082,2.385
FJI,Fiji,1980,641975.0,641.975,35.138,18.269,2.379
FJI,Fiji,1981,657471.0,657.471,35.986,18.451,2.391
FJI,Fiji,1982,673414.0,673.414,36.859,18.631,2.4
FJI,Fiji,1983,689835.0,689.835,37.758,18.809,2.418
FJI,Fiji,1984,706716.0,706.716,38.682,18.978,2.417
FJI,Fiji,1985,723761.0,723.761,39.615,19.143,2.35
FJI,Fiji,1986,739306.0,739.306,40.466,19.314,1.905
FJI,Fiji,1987,750540.0,750.54,41.08,19.472,1.118
FJI,Fiji,1988,758697.0,758.697,41.527,19.615,1.045
FJI,Fiji,1989,766321.0,766.321,41.944,19.752,0.955
FJI,Fiji,1990,773316.0,773.316,42.327,19.88,0.862
FJI,Fiji,1991,779656.0,779.656,42.674,19.997,0.771
FJI,Fiji,1992,785346.0,785.346,42.986,20.108,0.684
FJI,Fiji,1993,790369.0,790.369,43.26,20.211,0.592
FJI,Fiji,1994,794771.0,794.771,43.501,20.307,0.519
FJI,Fiji,1995,798746.0,798.746,43.719,20.4,0.479
FJI,Fiji,1996,803789.0,803.789,43.995,20.51,0.779
FJI,Fiji,1997,812139.0,812.139,44.452,20.679,1.285
FJI,Fiji,1998,822258.0,822.258,45.006,20.911,1.192
FJI,Fiji,1999,831828.0,831.828,45.53,21.17,1.123
FJI,Fiji,2000,840909.0,840.909,46.027,21.442,1.049
FJI,Fiji,2001,849596.0,849.596,46.502,21.722,1.006
FJI,Fiji,2002,858049.0,858.049,46.965,22.002,0.974
FJI,Fiji,2003,866286.0,866.286,47.416,22.281,0.937
FJI,Fiji,2004,874366.0,874.366,47.858,22.569,0.92
FJI,Fiji,2005,882379.0,882.379,48.297,22.862,0.905
FJI,Fiji,2006,890365.0,890.365,48.734,23.158,0.898
FJI,Fiji,2007,897832.0,897.832,49.142,23.463,0.773
FJI,Fiji,2008,903399.0,903.399,49.447,23.756,0.464
FJI,Fiji,2009,907239.0,907.239,49.657,24.036,0.384
FJI,Fiji,2010,910419.0,910.419,49.831,24.315,0.315
FJI,Fiji,2011,912989.0,912.989,49.972,24.592,0.248
FJI,Fiji,2012,914918.0,914.918,50.078,24.852,0.174
FJI,Fiji,2013,916352.0,916.352,50.156,25.105,0.139
FJI,Fiji,2014,917585.0,917.585,50.224,25.363,0.13
FJI,Fiji,2015,918578.0,918.578,50.278,25.62,0.087
FJI,Fiji,2016,919166.0,919.166,50.31,25.883,0.041
FJI,Fiji,2017,918759.0,918.759,50.288,26.166,-0.13
FJI,Fiji,2018,917180.0,917.18,50.201,26.468,-0.214
FJI,Fiji,2019,914899.0,914.899,50.077,26.776,-0.284
FJI,Fiji,2020,914963.0,914.963,50.08,27.059,0.298
FJI,Fiji,2021,916711.0,916.711,50.176,27.283,0.084
FJI,Fiji,2022,919422.0,919.422,50.324,27.475,0.506
FJI,Fiji,2023,924145.0,924.145,50.583,27.666,0.519
SLB,Solomon Islands,1950,108634.0,108.634,3.773,16.642,2.036
SLB,Solomon Islands,1951,110957.0,110.957,3.853,16.542,2.195
SLB,Solomon Islands,1952,113488.0,113.488,3.941,16.438,2.314
SLB,Solomon Islands,1953,116210.0,116.21,4.036,16.337,2.426
SLB,Solomon Islands,1954,119112.0,119.112,4.136,16.235,2.505
SLB,Solomon Islands,1955,122190.0,122.19,4.243,16.133,2.598
SLB,Solomon Islands,1956,125345.0,125.345,4.353,16.036,2.502
SLB,Solomon Islands,1957,128678.0,128.678,4.469,15.933,2.743
SLB,Solomon Islands,1958,132304.0,132.304,4.595,15.823,2.815
SLB,Solomon Islands,1959,136125.0,136.125,4.727,15.72,2.879
SLB,Solomon Islands,1960,139688.0,139.688,4.851,15.697,2.295
SLB,Solomon Islands,1961,142912.0,142.912,4.963,15.75,2.269
SLB,Solomon Islands,1962,146201.0,146.201,5.077,15.801,2.282
SLB,Solomon Islands,1963,149589.0,149.589,5.195,15.838,2.3
SLB,Solomon Islands,1964,153085.0,153.085,5.316,15.863,2.32
SLB,Solomon Islands,1965,156686.0,156.686,5.441,15.881,2.33
SLB,Solomon Islands,1966,160393.0,160.393,5.57,15.881,2.346
SLB,Solomon Islands,1967,164245.0,164.245,5.704,15.825,2.399
SLB,Solomon Islands,1968,168282.0,168.282,5.844,15.727,2.457
SLB,Solomon Islands,1969,172476.0,172.476,5.99,15.63,2.467
SLB,Solomon Islands,1970,176579.0,176.579,6.132,15.557,2.237
SLB,Solomon Islands,1971,180637.0,180.637,6.273,15.502,2.306
SLB,Solomon Islands,1972,184994.0,184.994,6.424,15.431,2.46
SLB,Solomon Islands,1973,189774.0,189.774,6.59,15.326,2.64
SLB,Solomon Islands,1974,195041.0,195.041,6.773,15.175,2.832
SLB,Solomon Islands,1975,200744.0,200.744,6.971,14.979,2.932
SLB,Solomon Islands,1976,207194.0,207.194,7.195,14.844,3.385
SLB,Solomon Islands,1977,214418.0,214.418,7.446,14.798,3.469
SLB,Solomon Islands,1978,222029.0,222.029,7.71,14.77,3.506
SLB,Solomon Islands,1979,229953.0,229.953,7.986,14.759,3.507
SLB,Solomon Islands,1980,238135.0,238.135,8.27,14.768,3.486
SLB,Solomon Islands,1981,246555.0,246.555,8.562,14.797,3.464
SLB,Solomon Islands,1982,255200.0,255.2,8.862,14.844,3.428
SLB,Solomon Islands,1983,264068.0,264.068,9.17,14.907,3.404
SLB,Solomon Islands,1984,273163.0,273.163,9.486,14.98,3.368
SLB,Solomon Islands,1985,282455.0,282.455,9.809,15.063,3.324
SLB,Solomon Islands,1986,291842.0,291.842,10.135,15.163,3.216
SLB,Solomon Islands,1987,301414.0,301.414,10.467,15.263,3.238
SLB,Solomon Islands,1988,311265.0,311.265,10.809,15.373,3.195
SLB,Solomon Islands,1989,321282.0,321.282,11.157,15.515,3.141
SLB,Solomon Islands,1990,331435.0,331.435,11.51,15.675,3.083
SLB,Solomon Islands,1991,341738.0,341.738,11.868,15.844,3.041
SLB,Solomon Islands,1992,352205.0,352.205,12.231,16.011,2.993
SLB,Solomon Islands,1993,362839.0,362.839,12.6,16.171,2.956
SLB,Solomon Islands,1994,373675.0,373.675,12.977,16.321,2.93
SLB,Solomon Islands,1995,384733.0,384.733,13.361,16.461,2.903
SLB,Solomon Islands,1996,396009.0,396.009,13.752,16.595,2.875
SLB,Solomon Islands,1997,407474.0,407.474,14.15,16.727,2.834
SLB,Solomon Islands,1998,419071.0,419.071,14.553,16.864,2.779
SLB,Solomon Islands,1999,430500.0,430.5,14.95,17.014,2.605
SLB,Solomon Islands,2000,440469.0,440.469,15.296,17.186,1.98
SLB,Solomon Islands,2001,449125.0,449.125,15.597,17.371,1.913
SLB,Solomon Islands,2002,457671.0,457.671,15.894,17.557,1.858
SLB,Solomon Islands,2003,466154.0,466.154,16.188,17.738,1.816
SLB,Solomon Islands,2004,474611.0,474.611,16.482,17.91,1.781
SLB,Solomon Islands,2005,483080.0,483.08,16.776,18.069,1.757
SLB,Solomon Islands,2006,491594.0,491.594,17.072,18.207,1.737
SLB,Solomon Islands,2007,500156.0,500.156,17.369,18.321,1.717
SLB,Solomon Islands,2008,508790.0,508.79,17.669,18.408,1.707
SLB,Solomon Islands,2009,518140.99999999994,518.141,17.994,18.467,1.934
SLB,Solomon Islands,2010,532968.0,532.968,18.508,18.519,3.685
SLB,Solomon Islands,2011,552945.0,552.945,19.202,18.577,3.675
SLB,Solomon Islands,2012,573606.0,573.606,19.92,18.64,3.662
SLB,Solomon Islands,2013,594945.0,594.945,20.661,18.708,3.643
SLB,Solomon Islands,2014,616908.0,616.908,21.423,18.788,3.608
SLB,Solomon Islands,2015,639415.0,639.415,22.205,18.886,3.56
SLB,Solomon Islands,2016,662379.0,662.379,23.002,19.006,3.498
SLB,Solomon Islands,2017,685672.0,685.672,23.811,19.153,3.416
SLB,Solomon Islands,2018,709101.0,709.101,24.625,19.328,3.306
SLB,Solomon Islands,2019,728147.0,728.147,25.286,19.482,2.012
SLB,Solomon Islands,2020,744498.0,744.498,25.854,19.637,2.425
SLB,Solomon Islands,2021,762591.0,762.591,26.483,19.827,2.378
SLB,Solomon Islands,2022,781066.0,781.066,27.124,20.03,2.409
SLB,Solomon Islands,2023,800005.0,800.005,27.782,20.251,2.383
VUT,Vanuatu,1950,51541.0,51.541,4.228,17.663,1.62
VUT,Vanuatu,1951,52360.0,52.36,4.295,17.56,1.532
VUT,Vanuatu,1952,53261.0,53.261,4.369,17.455,1.879
VUT,Vanuatu,1953,54300.0,54.3,4.454,17.342,1.98
VUT,Vanuatu,1954,55422.0,55.422,4.547,17.231,2.111
VUT,Vanuatu,1955,56633.0,56.633,4.646,17.12,2.209
VUT,Vanuatu,1956,57925.0,57.925,4.752,17.014,2.303
VUT,Vanuatu,1957,59376.0,59.376,4.871,16.91,2.641
VUT,Vanuatu,1958,60981.0,60.981,5.003,16.803,2.694
VUT,Vanuatu,1959,62669.0,62.669,5.141,16.698,2.765
VUT,Vanuatu,1960,64431.0,64.431,5.286,16.589,2.778
VUT,Vanuatu,1961,66264.0,66.264,5.436,16.474,2.833
VUT,Vanuatu,1962,68174.0,68.174,5.593,16.362,2.847
VUT,Vanuatu,1963,70159.0,70.159,5.755,16.256,2.892
VUT,Vanuatu,1964,72219.0,72.219,5.924,16.155,2.898
VUT,Vanuatu,1965,74358.0,74.358,6.1,16.083,2.936
VUT,Vanuatu,1966,76590.0,76.59,6.283,16.025,2.978
VUT,Vanuatu,1967,78921.0,78.921,6.474,15.951,3.017
VUT,Vanuatu,1968,81314.0,81.314,6.671,15.902,2.959
VUT,Vanuatu,1969,83755.0,83.755,6.871,15.888,2.958
VUT,Vanuatu,1970,86266.0,86.266,7.077,15.885,2.95
VUT,Vanuatu,1971,88862.0,88.862,7.29,15.89,2.977
VUT,Vanuatu,1972,91562.0,91.562,7.511,15.905,3.01
VUT,Vanuatu,1973,94362.0,94.362,7.741,15.926,3.013
VUT,Vanuatu,1974,97260.0,97.26,7.979,15.954,3.036
VUT,Vanuatu,1975,100269.0,100.269,8.225,15.991,3.057
VUT,Vanuatu,1976,103388.0,103.388,8.481,16.038,3.071
VUT,Vanuatu,1977,106618.0,106.618,8.746,16.095,3.08
VUT,Vanuatu,1978,109963.0,109.963,9.021,16.157,3.098
VUT,Vanuatu,1979,113040.0,113.04,9.273,16.353,2.432
VUT,Vanuatu,1980,115660.0,115.66,9.488,16.544,2.154
VUT,Vanuatu,1981,118249.0,118.249,9.7,16.599,2.271
VUT,Vanuatu,1982,121035.0,121.035,9.929,16.642,2.387
VUT,Vanuatu,1983,123998.0,123.998,10.172,16.672,2.449
VUT,Vanuatu,1984,127109.0,127.109,10.427,16.679,2.506
VUT,Vanuatu,1985,130356.0,130.356,10.694,16.659,2.539
VUT,Vanuatu,1986,133720.0,133.72,10.97,16.635,2.557
VUT,Vanuatu,1987,137187.0,137.187,11.254,16.628,2.563
VUT,Vanuatu,1988,140756.0,140.756,11.547,16.64,2.573
VUT,Vanuatu,1989,144393.0,144.393,11.845,16.674,2.531
VUT,Vanuatu,1990,148063.0,148.063,12.146,16.721,2.489
VUT,Vanuatu,1991,151793.0,151.793,12.452,16.776,2.488
VUT,Vanuatu,1992,155608.0,155.608,12.765,16.839,2.476
VUT,Vanuatu,1993,159463.0,159.463,13.081,16.907,2.418
VUT,Vanuatu,1994,163314.0,163.314,13.397,16.974,2.354
VUT,Vanuatu,1995,167137.0,167.137,13.711,16.881,2.275
VUT,Vanuatu,1996,170911.0,170.911,14.021,16.526,2.191
VUT,Vanuatu,1997,174626.0,174.626,14.325,16.537,2.11
VUT,Vanuatu,1998,178313.0,178.313,14.628,16.717,2.069
VUT,Vanuatu,1999,182048.0,182.048,14.934,16.899,2.076
VUT,Vanuatu,2000,186281.0,186.281,15.281,17.114,2.516
VUT,Vanuatu,2001,191031.0,191.031,15.671,17.351,2.52
VUT,Vanuatu,2002,195863.0,195.863,16.068,17.592,2.476
VUT,Vanuatu,2003,200746.0,200.746,16.468,17.841,2.449
VUT,Vanuatu,2004,205711.0,205.711,16.875,18.094,2.438
VUT,Vanuatu,2005,210760.0,210.76,17.29,18.349,2.412
VUT,Vanuatu,2006,215923.0,215.923,17.713,18.602,2.428
VUT,Vanuatu,2007,221276.0,221.276,18.152,18.842,2.469
VUT,Vanuatu,2008,226896.0,226.896,18.613,19.061,2.547
VUT,Vanuatu,2009,232731.0,232.731,19.092,19.273,2.531
VUT,Vanuatu,2010,238248.0,238.248,19.545,19.457,2.159
VUT,Vanuatu,2011,243474.0,243.474,19.973,19.607,2.181
VUT,Vanuatu,2012,248883.0,248.883,20.417,19.747,2.214
VUT,Vanuatu,2013,254482.0,254.482,20.876,19.877,2.234
VUT,Vanuatu,2014,260240.0,260.24,21.349,19.992,2.24
VUT,Vanuatu,2015,266101.0,266.101,21.829,20.091,2.215
VUT,Vanuatu,2016,272087.0,272.087,22.32,20.167,2.234
VUT,Vanuatu,2017,278507.0,278.507,22.847,20.205,2.429
VUT,Vanuatu,2018,285259.0,285.259,23.401,20.205,2.363
VUT,Vanuatu,2019,291985.0,291.985,23.953,20.188,2.299
VUT,Vanuatu,2020,298858.0,298.858,24.517,20.158,2.354
VUT,Vanuatu,2021,305868.0,305.868,25.092,20.127,2.284
VUT,Vanuatu,2022,313046.0,313.046,25.681,20.121,2.355
VUT,Vanuatu,2023,320409.0,320.409,26.285,20.143,2.295
KIR,Kiribati,1950,37846.0,37.846,52.129,21.063,2.021
KIR,Kiribati,1951,38622.0,38.622,53.198,20.744,2.04
KIR,Kiribati,1952,39426.0,39.426,54.306,20.421,2.08
KIR,Kiribati,1953,40264.0,40.264,55.459,20.085,2.124
KIR,Kiribati,1954,41132.0,41.132,56.656,19.73,2.144
KIR,Kiribati,1955,42041.0,42.041,57.907,19.369,2.224
KIR,Kiribati,1956,42991.0,42.991,59.216,19.006,2.247
KIR,Kiribati,1957,43974.0,43.974,60.571,18.646,2.276
KIR,Kiribati,1958,44986.0,44.986,61.965,18.3,2.274
KIR,Kiribati,1959,46044.0,46.044,63.421,17.98,2.37
KIR,Kiribati,1960,47157.0,47.157,64.954,17.687,2.407
KIR,Kiribati,1961,48323.0,48.323,66.561,17.421,2.479
KIR,Kiribati,1962,49538.0,49.538,68.235,17.194,2.489
KIR,Kiribati,1963,50791.0,50.791,69.961,17.012,2.506
KIR,Kiribati,1964,52088.0,52.088,71.747,16.877,2.534
KIR,Kiribati,1965,53439.0,53.439,73.607,16.786,2.586
KIR,Kiribati,1966,54425.0,54.425,74.966,16.703,1.084
KIR,Kiribati,1967,54996.0,54.996,75.752,16.586,1.004
KIR,Kiribati,1968,55529.0,55.529,76.486,16.437,0.926
KIR,Kiribati,1969,56360.0,56.36,77.631,16.373,2.037
KIR,Kiribati,1970,57510.0,57.51,79.215,16.406,2.003
KIR,Kiribati,1971,58652.0,58.652,80.788,16.454,1.93
KIR,Kiribati,1972,59778.0,59.778,82.339,16.516,1.874
KIR,Kiribati,1973,60824.0,60.824,83.779,16.577,1.596
KIR,Kiribati,1974,61219.0,61.219,84.324,16.627,-0.292
KIR,Kiribati,1975,60987.0,60.987,84.004,16.702,-0.469
KIR,Kiribati,1976,60661.0,60.661,83.556,16.823,-0.602
KIR,Kiribati,1977,60267.0,60.267,83.012,16.96,-0.704
KIR,Kiribati,1978,59864.0,59.864,82.458,17.089,-0.636
KIR,Kiribati,1979,60172.0,60.172,82.881,17.279,1.654
KIR,Kiribati,1980,61148.0,61.148,84.225,17.517,1.565
KIR,Kiribati,1981,62121.0,62.121,85.567,17.74,1.595
KIR,Kiribati,1982,63134.0,63.134,86.961,17.965,1.638
KIR,Kiribati,1983,64169.0,64.169,88.387,18.188,1.615
KIR,Kiribati,1984,65227.99999999999,65.228,89.845,18.409,1.657
KIR,Kiribati,1985,66496.0,66.496,91.593,18.613,2.191
KIR,Kiribati,1986,68059.0,68.059,93.746,18.788,2.452
KIR,Kiribati,1987,69733.0,69.733,96.05,18.938,2.405
KIR,Kiribati,1988,71427.0,71.427,98.384,19.067,2.396
KIR,Kiribati,1989,73147.0,73.147,100.754,19.165,2.367
KIR,Kiribati,1990,74855.0,74.855,103.105,19.22,2.248
KIR,Kiribati,1991,76367.0,76.367,105.188,19.2,1.756
KIR,Kiribati,1992,77641.0,77.641,106.944,19.101,1.557
KIR,Kiribati,1993,78841.0,78.841,108.596,18.965,1.509
KIR,Kiribati,1994,80021.0,80.021,110.222,18.814,1.462
KIR,Kiribati,1995,81234.0,81.234,111.893,18.665,1.547
KIR,Kiribati,1996,82623.0,82.623,113.805,18.556,1.839
KIR,Kiribati,1997,84147.0,84.147,115.906,18.497,1.819
KIR,Kiribati,1998,85657.0,85.657,117.986,18.491,1.738
KIR,Kiribati,1999,87126.0,87.126,120.008,18.55,1.662
KIR,Kiribati,2000,88613.0,88.613,122.056,18.651,1.722
KIR,Kiribati,2001,90335.0,90.335,124.428,18.76,2.122
KIR,Kiribati,2002,92264.0,92.264,127.085,18.897,2.105
KIR,Kiribati,2003,94175.0,94.175,129.718,19.075,1.996
KIR,Kiribati,2004,96085.0,96.085,132.348,19.268,2.018
KIR,Kiribati,2005,98035.0,98.035,135.035,19.456,2.002
KIR,Kiribati,2006,100017.0,100.017,137.765,19.637,2.001
KIR,Kiribati,2007,102068.0,102.068,140.59,19.809,2.058
KIR,Kiribati,2008,104222.0,104.222,143.557,19.971,2.12
KIR,Kiribati,2009,106467.0,106.467,146.649,20.12,2.142
KIR,Kiribati,2010,108704.0,108.704,149.73,20.252,2.018
KIR,Kiribati,2011,110647.0,110.647,152.407,20.408,1.53
KIR,Kiribati,2012,112284.0,112.284,154.661,20.605,1.407
KIR,Kiribati,2013,113838.0,113.838,156.802,20.82,1.343
KIR,Kiribati,2014,115326.0,115.326,158.852,21.045,1.255
KIR,Kiribati,2015,116815.0,116.815,160.902,21.269,1.31
KIR,Kiribati,2016,118478.0,118.478,163.193,21.465,1.516
KIR,Kiribati,2017,120275.0,120.275,165.667,21.636,1.494
KIR,Kiribati,2018,122084.0,122.084,168.159,21.812,1.492
KIR,Kiribati,2019,123921.0,123.921,170.689,21.993,1.495
KIR,Kiribati,2020,126099.0,126.099,173.69,22.183,1.986
KIR,Kiribati,2021,128377.00000000001,128.377,176.828,22.363,1.598
KIR,Kiribati,2022,130469.0,130.469,179.709,22.529,1.633
KIR,Kiribati,2023,132530.0,132.53,182.549,22.686,1.504
MHL,Marshall Islands,1950,12996.0,12.996,72.2,17.165,1.046
MHL,Marshall Islands,1951,13111.0,13.111,72.842,16.925,0.725
MHL,Marshall Islands,1952,13215.0,13.215,73.417,16.867,0.848
MHL,Marshall Islands,1953,13309.0,13.309,73.942,16.912,0.579
MHL,Marshall Islands,1954,13392.0,13.392,74.397,17.008,0.65
MHL,Marshall Islands,1955,13482.0,13.482,74.903,17.147,0.705
MHL,Marshall Islands,1956,13570.0,13.57,75.389,17.258,0.59
MHL,Marshall Islands,1957,13638.0,13.638,75.767,17.34,0.411
MHL,Marshall Islands,1958,13805.0,13.805,76.694,17.248,2.014
MHL,Marshall Islands,1959,14197.0,14.197,78.869,16.783,3.558
MHL,Marshall Islands,1960,14703.0,14.703,81.681,16.187,3.449
MHL,Marshall Islands,1961,15219.0,15.219,84.55,15.749,3.457
MHL,Marshall Islands,1962,15755.0,15.755,87.528,15.457,3.466
MHL,Marshall Islands,1963,16302.0,16.302,90.564,15.277,3.356
MHL,Marshall Islands,1964,16852.0,16.852,93.625,15.176,3.294
MHL,Marshall Islands,1965,17402.0,17.402,96.681,15.16,3.132
MHL,Marshall Islands,1966,17927.0,17.927,99.592,15.232,2.806
MHL,Marshall Islands,1967,18655.0,18.655,103.639,15.424,5.115
MHL,Marshall Islands,1968,19862.0,19.862,110.344,15.715,7.354
MHL,Marshall Islands,1969,21305.0,21.305,118.358,16.065,6.691
MHL,Marshall Islands,1970,22530.0,22.53,125.167,16.216,4.555
MHL,Marshall Islands,1971,23366.0,23.366,129.814,15.927,2.769
MHL,Marshall Islands,1972,23992.0,23.992,133.292,15.472,2.522
MHL,Marshall Islands,1973,24581.0,24.581,136.561,15.143,2.327
MHL,Marshall Islands,1974,25296.0,25.296,140.533,14.951,3.392
MHL,Marshall Islands,1975,26154.0,26.154,145.297,14.818,3.277
MHL,Marshall Islands,1976,27021.0,27.021,150.117,14.667,3.25
MHL,Marshall Islands,1977,27906.0,27.906,155.031,14.483,3.193
MHL,Marshall Islands,1978,28809.0,28.809,160.053,14.274,3.183
MHL,Marshall Islands,1979,29738.0,29.738,165.214,14.078,3.165
MHL,Marshall Islands,1980,30774.0,30.774,170.969,13.948,3.676
MHL,Marshall Islands,1981,32017.000000000004,32.017,177.872,13.889,4.23
MHL,Marshall Islands,1982,33397.0,33.397,185.536,13.863,4.208
MHL,Marshall Islands,1983,34811.0,34.811,193.394,13.84,4.091
MHL,Marshall Islands,1984,36264.0,36.264,201.467,13.8,4.087
MHL,Marshall Islands,1985,37761.0,37.761,209.786,13.744,4.007
MHL,Marshall Islands,1986,39286.0,39.286,218.256,13.684,3.91
MHL,Marshall Islands,1987,40828.0,40.828,226.822,13.637,3.792
MHL,Marshall Islands,1988,42321.0,42.321,235.117,13.655,3.398
MHL,Marshall Islands,1989,43586.0,43.586,242.144,13.762,2.506
MHL,Marshall Islands,1990,44629.0,44.629,247.939,13.925,2.227
MHL,Marshall Islands,1991,45568.0,45.568,253.153,14.134,1.938
MHL,Marshall Islands,1992,46388.0,46.388,257.708,14.383,1.632
MHL,Marshall Islands,1993,47093.0,47.093,261.631,14.673,1.391
MHL,Marshall Islands,1994,47712.0,47.712,265.064,14.997,1.218
MHL,Marshall Islands,1995,48266.0,48.266,268.142,15.345,1.092
MHL,Marshall Islands,1996,48775.0,48.775,270.972,15.706,1.009
MHL,Marshall Islands,1997,49259.0,49.259,273.661,16.077,0.966
MHL,Marshall Islands,1998,49717.0,49.717,276.206,16.446,0.885
MHL,Marshall Islands,1999,50202.0,50.202,278.897,16.781,1.054
MHL,Marshall Islands,2000,50706.0,50.706,281.703,17.075,0.949
MHL,Marshall Islands,2001,51123.0,51.123,284.014,17.373,0.687
MHL,Marshall Islands,2002,51425.0,51.425,285.692,17.696,0.492
MHL,Marshall Islands,2003,51639.0,51.639,286.881,18.028,0.339
MHL,Marshall Islands,2004,51791.0,51.791,287.731,18.355,0.253
MHL,Marshall Islands,2005,51906.0,51.906,288.367,18.66,0.189
MHL,Marshall Islands,2006,51992.0,51.992,288.847,18.937,0.144
MHL,Marshall Islands,2007,52035.0,52.035,289.083,19.18,0.019
MHL,Marshall Islands,2008,52030.0,52.03,289.056,19.38,-0.038
MHL,Marshall Islands,2009,52019.0,52.019,288.992,19.523,-0.006
MHL,Marshall Islands,2010,52044.0,52.044,289.131,19.581,0.102
MHL,Marshall Islands,2011,51907.0,51.907,288.375,19.66,-0.626
MHL,Marshall Islands,2012,51419.0,51.419,285.661,19.852,-1.268
MHL,Marshall Islands,2013,50681.0,50.681,281.561,20.068,-1.626
MHL,Marshall Islands,2014,49796.0,49.796,276.644,20.275,-1.9
MHL,Marshall Islands,2015,48800.0,48.8,271.114,20.507,-2.141
MHL,Marshall Islands,2016,47709.0,47.709,265.05,20.749,-2.385
MHL,Marshall Islands,2017,46529.0,46.529,258.494,20.984,-2.626
MHL,Marshall Islands,2018,45285.0,45.285,251.583,21.191,-2.796
MHL,Marshall Islands,2019,44007.0,44.007,244.481,21.337,-2.934
MHL,Marshall Islands,2020,42706.0,42.706,237.258,21.405,-3.065
MHL,Marshall Islands,2021,41367.0,41.367,229.817,21.257,-3.312
MHL,Marshall Islands,2022,40077.0,40.077,222.65,20.965,-3.019
MHL,Marshall Islands,2023,38827.0,38.827,215.706,20.699,-3.323
FSM,Micronesia (Fed. States of),1950,32106.0,32.106,45.866,18.41,2.803
FSM,Micronesia (Fed. States of),1951,33003.0,33.003,47.147,18.185,2.709
FSM,Micronesia (Fed. States of),1952,33930.0,33.93,48.471,17.959,2.83
FSM,Micronesia (Fed. States of),1953,34911.0,34.911,49.873,17.753,2.87
FSM,Micronesia (Fed. States of),1954,35921.0,35.921,51.316,17.547,2.834
FSM,Micronesia (Fed. States of),1955,36974.0,36.974,52.82,17.348,2.943
FSM,Micronesia (Fed. States of),1956,38080.0,38.08,54.399,17.16,2.949
FSM,Micronesia (Fed. States of),1957,39218.0,39.218,56.026,16.965,2.945
FSM,Micronesia (Fed. States of),1958,40407.0,40.407,57.725,16.771,3.027
FSM,Micronesia (Fed. States of),1959,41659.0,41.659,59.513,16.579,3.073
FSM,Micronesia (Fed. States of),1960,43061.0,43.061,61.516,16.391,3.54
FSM,Micronesia (Fed. States of),1961,44610.0,44.61,63.729,16.211,3.529
FSM,Micronesia (Fed. States of),1962,46218.0,46.218,66.025,16.036,3.551
FSM,Micronesia (Fed. States of),1963,47744.0,47.744,68.206,15.843,2.958
FSM,Micronesia (Fed. States of),1964,49181.0,49.181,70.259,15.623,2.975
FSM,Micronesia (Fed. States of),1965,50684.0,50.684,72.405,15.46,3.041
FSM,Micronesia (Fed. States of),1966,52258.0,52.258,74.654,15.416,3.075
FSM,Micronesia (Fed. States of),1967,53846.0,53.846,76.924,15.386,2.918
FSM,Micronesia (Fed. States of),1968,55457.0,55.457,79.224,15.339,2.975
FSM,Micronesia (Fed. States of),1969,57145.0,57.145,81.636,15.295,3.022
FSM,Micronesia (Fed. States of),1970,58922.0,58.922,84.174,15.25,3.099
FSM,Micronesia (Fed. States of),1971,60636.0,60.636,86.624,15.163,2.644
FSM,Micronesia (Fed. States of),1972,62278.0,62.278,88.968,15.046,2.696
FSM,Micronesia (Fed. States of),1973,63986.0,63.986,91.409,14.946,2.716
FSM,Micronesia (Fed. States of),1974,65749.0,65.749,93.926,14.861,2.718
FSM,Micronesia (Fed. States of),1975,67428.0,67.428,96.326,14.858,2.333
FSM,Micronesia (Fed. States of),1976,69049.0,69.049,98.641,14.924,2.414
FSM,Micronesia (Fed. States of),1977,70753.0,70.753,101.076,14.986,2.462
FSM,Micronesia (Fed. States of),1978,72754.0,72.754,103.935,15.001,3.108
FSM,Micronesia (Fed. States of),1979,75054.0,75.054,107.22,14.98,3.115
FSM,Micronesia (Fed. States of),1980,77407.0,77.407,110.581,14.971,3.059
FSM,Micronesia (Fed. States of),1981,79794.0,79.794,113.992,14.975,3.017
FSM,Micronesia (Fed. States of),1982,82219.0,82.219,117.456,14.99,2.97
FSM,Micronesia (Fed. States of),1983,84680.0,84.68,120.971,15.023,2.928
FSM,Micronesia (Fed. States of),1984,87176.0,87.176,124.537,15.074,2.884
FSM,Micronesia (Fed. States of),1985,89707.0,89.707,128.153,15.144,2.841
FSM,Micronesia (Fed. States of),1986,92266.0,92.266,131.809,15.236,2.787
FSM,Micronesia (Fed. States of),1987,94844.0,94.844,135.491,15.349,2.724
FSM,Micronesia (Fed. States of),1988,97097.0,97.097,138.709,15.424,1.981
FSM,Micronesia (Fed. States of),1989,99003.0,99.003,141.433,15.465,1.909
FSM,Micronesia (Fed. States of),1990,100888.0,100.888,144.126,15.53,1.864
FSM,Micronesia (Fed. States of),1991,102754.0,102.754,146.791,15.619,1.8
FSM,Micronesia (Fed. States of),1992,104806.0,104.806,149.724,15.852,2.154
FSM,Micronesia (Fed. States of),1993,107066.0,107.066,152.951,16.207,2.113
FSM,Micronesia (Fed. States of),1994,109075.0,109.075,155.821,16.529,1.61
FSM,Micronesia (Fed. States of),1995,110230.0,110.23,157.471,16.8,0.503
FSM,Micronesia (Fed. States of),1996,110710.0,110.71,158.158,17.028,0.368
FSM,Micronesia (Fed. States of),1997,111071.0,111.071,158.673,17.237,0.283
FSM,Micronesia (Fed. States of),1998,111377.0,111.377,159.111,17.43,0.268
FSM,Micronesia (Fed. States of),1999,111680.0,111.68,159.542,17.607,0.273
FSM,Micronesia (Fed. States of),2000,112044.0,112.044,160.063,17.833,0.378
FSM,Micronesia (Fed. States of),2001,112365.0,112.365,160.522,18.143,0.195
FSM,Micronesia (Fed. States of),2002,112448.0,112.448,160.64,18.485,-0.048
FSM,Micronesia (Fed. States of),2003,112285.0,112.285,160.407,18.825,-0.242
FSM,Micronesia (Fed. States of),2004,111925.0,111.925,159.894,19.153,-0.399
FSM,Micronesia (Fed. States of),2005,111412.0,111.412,159.16,19.454,-0.521
FSM,Micronesia (Fed. States of),2006,110729.0,110.729,158.184,19.723,-0.71
FSM,Micronesia (Fed. States of),2007,109880.0,109.88,156.972,19.955,-0.829
FSM,Micronesia (Fed. States of),2008,108936.0,108.936,155.624,20.127,-0.897
FSM,Micronesia (Fed. States of),2009,107957.0,107.957,154.225,20.222,-0.909
FSM,Micronesia (Fed. States of),2010,107540.0,107.54,153.628,20.286,0.135
FSM,Micronesia (Fed. States of),2011,107698.0,107.698,153.854,20.374,0.16
FSM,Micronesia (Fed. States of),2012,107890.0,107.89,154.129,20.498,0.196
FSM,Micronesia (Fed. States of),2013,108121.0,108.121,154.458,20.653,0.23
FSM,Micronesia (Fed. States of),2014,108396.0,108.396,154.851,20.84,0.279
FSM,Micronesia (Fed. States of),2015,108716.0,108.716,155.308,21.043,0.31
FSM,Micronesia (Fed. States of),2016,109075.0,109.075,155.821,21.248,0.349
FSM,Micronesia (Fed. States of),2017,109481.0,109.481,156.402,21.466,0.396
FSM,Micronesia (Fed. States of),2018,109909.0,109.909,157.014,21.684,0.385
FSM,Micronesia (Fed. States of),2019,110282.0,110.282,157.546,21.89,0.292
FSM,Micronesia (Fed. States of),2020,110916.0,110.916,158.452,22.116,0.854
FSM,Micronesia (Fed. States of),2021,111624.0,111.624,159.464,22.366,0.42
FSM,Micronesia (Fed. States of),2022,112114.0,112.114,160.162,22.608,0.454
FSM,Micronesia (Fed. States of),2023,112630.0,112.63,160.901,22.85,0.466
NRU,Nauru,1950,3407.0,3.407,170.35,18.673,3.053
NRU,Nauru,1951,3510.0,3.51,175.525,19.047,2.934
NRU,Nauru,1952,3607.0,3.607,180.375,19.414,2.523
NRU,Nauru,1953,3695.0,3.695,184.725,19.748,2.247
NRU,Nauru,1954,3780.0,3.78,188.975,20.101,2.302
NRU,Nauru,1955,3885.0,3.885,194.225,20.595,3.167
NRU,Nauru,1956,4021.0,4.021,201.05,21.184,3.731
NRU,Nauru,1957,4158.0,4.158,207.9,21.604,2.982
NRU,Nauru,1958,4297.0,4.297,214.85,21.97,3.584
NRU,Nauru,1959,4454.0,4.454,222.675,22.442,3.571
NRU,Nauru,1960,4607.0,4.607,230.375,22.874,3.234
NRU,Nauru,1961,4774.0,4.774,238.675,23.119,3.834
NRU,Nauru,1962,4979.0,4.979,248.925,23.003,4.56
NRU,Nauru,1963,5226.0,5.226,261.325,22.749,5.148
NRU,Nauru,1964,5515.0,5.515,275.725,22.517,5.569
NRU,Nauru,1965,5832.0,5.832,291.575,22.265,5.609
NRU,Nauru,1966,6043.0,6.043,302.175,22.153,1.605
NRU,Nauru,1967,6135.0,6.135,306.725,22.149,1.386
NRU,Nauru,1968,6328.0,6.328,316.4,20.333,4.773
NRU,Nauru,1969,6581.0,6.581,329.05,17.53,3.1
NRU,Nauru,1970,6710.0,6.71,335.475,17.301,0.79
NRU,Nauru,1971,6762.0,6.762,338.1,17.769,0.769
NRU,Nauru,1972,6812.0,6.812,340.6,18.259,0.705
NRU,Nauru,1973,6866.0,6.866,343.3,18.764,0.874
NRU,Nauru,1974,6923.0,6.923,346.175,19.274,0.794
NRU,Nauru,1975,6987.0,6.987,349.375,19.757,1.045
NRU,Nauru,1976,7064.0,7.064,353.225,20.243,1.147
NRU,Nauru,1977,7163.0,7.163,358.15,20.926,1.619
NRU,Nauru,1978,7298.0,7.298,364.9,21.755,2.11
NRU,Nauru,1979,7468.0,7.468,373.375,22.504,2.478
NRU,Nauru,1980,7649.0,7.649,382.425,23.134,2.314
NRU,Nauru,1981,7839.0,7.839,391.95,23.659,2.603
NRU,Nauru,1982,8039.999999999999,8.04,401.975,24.12,2.451
NRU,Nauru,1983,8216.0,8.216,410.825,24.15,1.911
NRU,Nauru,1984,8377.0,8.377,418.85,23.554,1.958
NRU,Nauru,1985,8551.0,8.551,427.55,22.706,2.152
NRU,Nauru,1986,8742.0,8.742,437.075,21.853,2.254
NRU,Nauru,1987,8946.0,8.946,447.3,21.088,2.37
NRU,Nauru,1988,9165.0,9.165,458.225,20.424,2.455
NRU,Nauru,1989,9390.0,9.39,469.525,19.796,2.417
NRU,Nauru,1990,9622.0,9.622,481.1,19.211,2.453
NRU,Nauru,1991,9850.0,9.85,492.5,18.67,2.234
NRU,Nauru,1992,10021.0,10.021,501.05,18.351,1.217
NRU,Nauru,1993,10102.0,10.102,505.1,18.252,0.396
NRU,Nauru,1994,10137.0,10.137,506.875,18.205,0.306
NRU,Nauru,1995,10165.0,10.165,508.225,18.228,0.226
NRU,Nauru,1996,10183.0,10.183,509.15,18.3,0.137
NRU,Nauru,1997,10197.0,10.197,509.85,18.429,0.137
NRU,Nauru,1998,10198.0,10.198,509.9,18.6,-0.118
NRU,Nauru,1999,10187.0,10.187,509.35,18.807,-0.098
NRU,Nauru,2000,10168.0,10.168,508.375,19.054,-0.285
NRU,Nauru,2001,10130.0,10.13,506.525,19.33,-0.444
NRU,Nauru,2002,10082.0,10.082,504.075,19.598,-0.526
NRU,Nauru,2003,10059.0,10.059,502.95,19.806,0.08
NRU,Nauru,2004,10060.0,10.06,503.0,19.961,-0.06
NRU,Nauru,2005,10049.0,10.049,502.45,20.118,-0.159
NRU,Nauru,2006,10034.0,10.034,501.675,20.28,-0.149
NRU,Nauru,2007,10020.0,10.02,501.0,20.451,-0.12
NRU,Nauru,2008,10009.0,10.009,500.475,20.599,-0.09
NRU,Nauru,2009,10016.0,10.016,500.8,20.714,0.22
NRU,Nauru,2010,10043.0,10.043,502.15,20.818,0.319
NRU,Nauru,2011,10098.0,10.098,504.875,20.825,0.763
NRU,Nauru,2012,10267.0,10.267,513.35,20.736,2.552
NRU,Nauru,2013,10517.0,10.517,525.85,20.633,2.263
NRU,Nauru,2014,10742.0,10.742,537.125,20.531,1.983
NRU,Nauru,2015,10954.0,10.954,547.7,20.467,1.917
NRU,Nauru,2016,11150.0,11.15,557.5,20.471,1.632
NRU,Nauru,2017,11324.0,11.324,566.2,20.578,1.466
NRU,Nauru,2018,11477.0,11.477,573.875,20.796,1.229
NRU,Nauru,2019,11587.0,11.587,579.35,20.903,0.673
NRU,Nauru,2020,11643.0,11.643,582.15,20.862,0.292
NRU,Nauru,2021,11709.0,11.709,585.425,20.739,0.828
NRU,Nauru,2022,11801.0,11.801,590.05,20.573,0.746
NRU,Nauru,2023,11875.0,11.875,593.75,20.434,0.505
PLW,Palau,1950,7474.0,7.474,16.249,17.575,2.663
PLW,Palau,1951,7651.0,7.651,16.632,17.073,2.0
PLW,Palau,1952,7815.0,7.815,16.989,16.648,2.252
PLW,Palau,1953,8002.000000000001,8.002,17.397,16.338,2.487
PLW,Palau,1954,8210.0,8.21,17.847,16.168,2.619
PLW,Palau,1955,8415.0,8.415,18.295,16.13,2.341
PLW,Palau,1956,8593.0,8.593,18.68,16.159,1.839
PLW,Palau,1957,8747.0,8.747,19.015,16.332,1.715
PLW,Palau,1958,8902.0,8.902,19.352,16.465,1.797
PLW,Palau,1959,9101.0,9.101,19.785,16.227,2.615
PLW,Palau,1960,9328.0,9.328,20.277,15.687,2.305
PLW,Palau,1961,9555.0,9.555,20.772,14.973,2.512
PLW,Palau,1962,9793.0,9.793,21.289,14.418,2.41
PLW,Palau,1963,10037.0,10.037,21.82,14.096,2.511
PLW,Palau,1964,10292.0,10.292,22.374,13.945,2.507
PLW,Palau,1965,10547.0,10.547,22.929,13.895,2.399
PLW,Palau,1966,10805.0,10.805,23.488,13.916,2.416
PLW,Palau,1967,10988.0,10.988,23.887,14.145,0.965
PLW,Palau,1968,11080.0,11.08,24.087,14.57,0.704
PLW,Palau,1969,11159.0,11.159,24.259,15.017,0.717
PLW,Palau,1970,11368.0,11.368,24.714,15.318,2.982
PLW,Palau,1971,11759.0,11.759,25.563,15.424,3.759
PLW,Palau,1972,12194.0,12.194,26.509,15.521,3.51
PLW,Palau,1973,12552.0,12.552,27.287,15.697,2.295
PLW,Palau,1974,12687.0,12.687,27.579,15.977,-0.15
PLW,Palau,1975,12655.0,12.655,27.511,16.302,-0.348
PLW,Palau,1976,12598.0,12.598,27.388,16.595,-0.548
PLW,Palau,1977,12525.0,12.525,27.229,16.869,-0.615
PLW,Palau,1978,12440.0,12.44,27.042,17.136,-0.764
PLW,Palau,1979,12337.0,12.337,26.82,17.403,-0.892
PLW,Palau,1980,12271.0,12.271,26.676,17.737,-0.179
PLW,Palau,1981,12402.0,12.402,26.96,18.257,2.282
PLW,Palau,1982,12694.0,12.694,27.597,18.877,2.387
PLW,Palau,1983,13006.0,13.006,28.274,19.457,2.461
PLW,Palau,1984,13337.0,13.337,28.993,20.005,2.564
PLW,Palau,1985,13688.0,13.688,29.758,20.512,2.637
PLW,Palau,1986,14024.0,14.024,30.486,21.182,2.204
PLW,Palau,1987,14334.0,14.334,31.16,22.066,2.17
PLW,Palau,1988,14645.0,14.645,31.837,22.975,2.131
PLW,Palau,1989,14945.0,14.945,32.489,23.871,1.927
PLW,Palau,1990,15259.0,15.259,33.172,24.575,2.228
PLW,Palau,1991,15614.0,15.614,33.945,25.026,2.376
PLW,Palau,1992,15989.0,15.989,34.759,25.441,2.364
PLW,Palau,1993,16372.0,16.372,35.592,25.902,2.376
PLW,Palau,1994,16770.0,16.77,36.457,26.405,2.421
PLW,Palau,1995,17195.0,17.195,37.38,26.898,2.582
PLW,Palau,1996,17654.0,17.654,38.378,27.365,2.685
PLW,Palau,1997,18108.0,18.108,39.365,27.867,2.397
PLW,Palau,1998,18524.0,18.524,40.271,28.461,2.154
PLW,Palau,1999,18901.0,18.901,41.09,29.158,1.878
PLW,Palau,2000,19178.0,19.178,41.692,29.767,1.038
PLW,Palau,2001,19352.0,19.352,42.07,30.188,0.765
PLW,Palau,2002,19503.0,19.503,42.397,30.53,0.785
PLW,Palau,2003,19659.0,19.659,42.737,30.84,0.814
PLW,Palau,2004,19820.0,19.82,43.088,31.103,0.822
PLW,Palau,2005,19819.0,19.819,43.084,31.4,-0.843
PLW,Palau,2006,19593.0,19.593,42.593,31.777,-1.45
PLW,Palau,2007,19302.0,19.302,41.961,32.172,-1.544
PLW,Palau,2008,19009.0,19.009,41.323,32.56,-1.52
PLW,Palau,2009,18709.0,18.709,40.673,32.933,-1.652
PLW,Palau,2010,18396.0,18.396,39.992,33.29,-1.723
PLW,Palau,2011,18078.0,18.078,39.299,33.641,-1.776
PLW,Palau,2012,17765.0,17.765,38.621,33.989,-1.706
PLW,Palau,2013,17648.0,17.648,38.365,34.341,0.385
PLW,Palau,2014,17715.0,17.715,38.511,34.668,0.373
PLW,Palau,2015,17770.0,17.77,38.629,34.981,0.242
PLW,Palau,2016,17797.0,17.797,38.689,35.327,0.067
PLW,Palau,2017,17812.0,17.812,38.722,35.701,0.101
PLW,Palau,2018,17814.0,17.814,38.727,36.07,-0.073
PLW,Palau,2019,17798.0,17.798,38.691,36.439,-0.112
PLW,Palau,2020,17792.0,17.792,38.678,36.793,0.045
PLW,Palau,2021,17783.0,17.783,38.659,37.128,-0.146
PLW,Palau,2022,17759.0,17.759,38.607,37.484,-0.124
PLW,Palau,2023,17727.0,17.727,38.538,37.843,-0.231
ASM,American Samoa,1950,19043.0,19.043,95.213,15.528,3.419
ASM,American Samoa,1951,19425.0,19.425,97.127,15.51,0.592
ASM,American Samoa,1952,19553.0,19.553,97.765,15.393,0.716
ASM,American Samoa,1953,19666.0,19.666,98.33,15.253,0.437
ASM,American Samoa,1954,19759.0,19.759,98.797,15.109,0.511
ASM,American Samoa,1955,19858.0,19.858,99.293,14.977,0.488
ASM,American Samoa,1956,19936.0,19.936,99.683,14.82,0.296
ASM,American Samoa,1957,19958.0,19.958,99.79,14.655,-0.08
ASM,American Samoa,1958,19930.0,19.93,99.653,14.485,-0.196
ASM,American Samoa,1959,19909.0,19.909,99.543,14.323,-0.025
ASM,American Samoa,1960,20133.0,20.133,100.662,14.321,2.25
ASM,American Samoa,1961,20666.0,20.666,103.328,14.485,2.967
ASM,American Samoa,1962,21298.0,21.298,106.49,14.649,3.062
ASM,American Samoa,1963,21966.0,21.966,109.832,14.764,3.119
ASM,American Samoa,1964,22673.0,22.673,113.365,14.839,3.211
ASM,American Samoa,1965,23406.0,23.406,117.028,14.878,3.149
ASM,American Samoa,1966,24136.0,24.136,120.677,14.891,2.996
ASM,American Samoa,1967,24863.0,24.863,124.317,14.913,2.948
ASM,American Samoa,1968,25614.0,25.614,128.07,14.95,2.999
ASM,American Samoa,1969,26375.0,26.375,131.873,15.014,2.855
ASM,American Samoa,1970,27026.0,27.026,135.127,15.183,2.031
ASM,American Samoa,1971,27533.0,27.533,137.665,15.442,1.693
ASM,American Samoa,1972,27995.0,27.995,139.977,15.693,1.64
ASM,American Samoa,1973,28436.0,28.436,142.183,15.921,1.488
ASM,American Samoa,1974,28875.0,28.875,144.375,16.152,1.572
ASM,American Samoa,1975,29390.0,29.39,146.947,16.397,1.957
ASM,American Samoa,1976,29959.0,29.959,149.795,16.655,1.883
ASM,American Samoa,1977,30521.0,30.521,152.605,16.926,1.835
ASM,American Samoa,1978,31076.0,31.076,155.377,17.219,1.767
ASM,American Samoa,1979,31611.0,31.611,158.055,17.543,1.651
ASM,American Samoa,1980,32403.0,32.403,162.013,17.832,3.275
ASM,American Samoa,1981,33584.0,33.584,167.923,18.047,3.88
ASM,American Samoa,1982,34909.0,34.909,174.545,18.234,3.856
ASM,American Samoa,1983,36271.0,36.271,181.355,18.422,3.8
ASM,American Samoa,1984,37667.0,37.667,188.335,18.613,3.754
ASM,American Samoa,1985,39103.0,39.103,195.518,18.811,3.732
ASM,American Samoa,1986,40571.0,40.571,202.855,19.02,3.638
ASM,American Samoa,1987,42072.0,42.072,210.36,19.238,3.628
ASM,American Samoa,1988,43615.0,43.615,218.075,19.46,3.577
ASM,American Samoa,1989,45191.0,45.191,225.955,19.679,3.523
ASM,American Samoa,1990,46640.0,46.64,233.2,19.825,2.8
ASM,American Samoa,1991,47882.0,47.882,239.41,19.883,2.46
ASM,American Samoa,1992,49038.0,49.038,245.192,19.917,2.315
ASM,American Samoa,1993,50159.0,50.159,250.795,19.953,2.205
ASM,American Samoa,1994,51251.0,51.251,256.255,19.991,2.103
ASM,American Samoa,1995,52316.0,52.316,261.58,20.03,2.011
ASM,American Samoa,1996,53353.0,53.353,266.767,20.078,1.917
ASM,American Samoa,1997,54362.0,54.362,271.81,20.129,1.829
ASM,American Samoa,1998,55334.0,55.334,276.668,20.179,1.715
ASM,American Samoa,1999,56248.0,56.248,281.24,20.237,1.565
ASM,American Samoa,2000,56855.0,56.855,284.272,20.341,0.586
ASM,American Samoa,2001,57053.0,57.053,285.267,20.517,0.114
ASM,American Samoa,2002,57062.0,57.062,285.308,20.731,-0.086
ASM,American Samoa,2003,56971.0,56.971,284.853,20.955,-0.233
ASM,American Samoa,2004,56818.0,56.818,284.09,21.169,-0.303
ASM,American Samoa,2005,56617.0,56.617,283.085,21.359,-0.406
ASM,American Samoa,2006,56374.0,56.374,281.873,21.504,-0.452
ASM,American Samoa,2007,56113.0,56.113,280.565,21.581,-0.478
ASM,American Samoa,2008,55828.0,55.828,279.14,21.554,-0.541
ASM,American Samoa,2009,55528.0,55.528,277.64,21.42,-0.537
ASM,American Samoa,2010,55228.0,55.228,276.142,21.493,-0.545
ASM,American Samoa,2011,54895.0,54.895,274.478,21.918,-0.665
ASM,American Samoa,2012,54489.0,54.489,272.445,22.466,-0.822
ASM,American Samoa,2013,54006.0,54.006,270.03,23.036,-0.959
ASM,American Samoa,2014,53466.0,53.466,267.33,23.625,-1.051
ASM,American Samoa,2015,52878.0,52.878,264.39,24.214,-1.161
ASM,American Samoa,2016,52245.0,52.245,261.223,24.787,-1.25
ASM,American Samoa,2017,51586.0,51.586,257.93,25.333,-1.287
ASM,American Samoa,2018,50908.0,50.908,254.542,25.83,-1.357
ASM,American Samoa,2019,50209.0,50.209,251.045,26.251,-1.41
ASM,American Samoa,2020,49761.0,49.761,248.808,26.667,-0.376
ASM,American Samoa,2021,49225.0,49.225,246.125,27.234,-1.8
ASM,American Samoa,2022,48342.0,48.342,241.708,27.927,-1.823
ASM,American Samoa,2023,47521.0,47.521,237.605,28.435,-1.599
COK,Cook Islands,1950,14693.0,14.693,61.219,15.722,2.757
COK,Cook Islands,1951,15054.0,15.054,62.725,15.634,2.112
COK,Cook Islands,1952,15339.0,15.339,63.915,15.605,1.649
COK,Cook Islands,1953,15608.0,15.608,65.033,15.623,1.82
COK,Cook Islands,1954,15887.0,15.887,66.198,15.67,1.731
COK,Cook Islands,1955,16168.0,16.168,67.365,15.732,1.763
COK,Cook Islands,1956,16433.0,16.433,68.473,15.826,1.503
COK,Cook Islands,1957,16687.0,16.687,69.529,15.849,1.558
COK,Cook Islands,1958,16968.0,16.968,70.7,15.723,1.78
COK,Cook Islands,1959,17293.0,17.293,72.052,15.477,2.007
COK,Cook Islands,1960,17662.0,17.662,73.59,15.136,2.214
COK,Cook Islands,1961,18038.0,18.038,75.16,14.78,2.012
COK,Cook Islands,1962,18284.0,18.284,76.183,14.498,0.7
COK,Cook Islands,1963,18422.0,18.422,76.76,14.234,0.809
COK,Cook Islands,1964,18585.0,18.585,77.44,13.933,0.952
COK,Cook Islands,1965,18779.0,18.779,78.248,13.603,1.124
COK,Cook Islands,1966,19015.0,19.015,79.229,13.33,1.367
COK,Cook Islands,1967,19326.0,19.326,80.527,13.254,1.878
COK,Cook Islands,1968,19693.0,19.693,82.054,13.295,1.879
COK,Cook Islands,1969,20081.0,20.081,83.673,13.316,2.027
COK,Cook Islands,1970,20488.0,20.488,85.369,13.343,1.987
COK,Cook Islands,1971,20869.0,20.869,86.954,13.388,1.696
COK,Cook Islands,1972,20770.0,20.77,86.54,13.523,-2.663
COK,Cook Islands,1973,20188.0,20.188,84.117,13.736,-3.022
COK,Cook Islands,1974,19558.0,19.558,81.492,13.915,-3.324
COK,Cook Islands,1975,18896.0,18.896,78.735,14.031,-3.562
COK,Cook Islands,1976,18248.0,18.248,76.033,14.094,-3.42
COK,Cook Islands,1977,17910.0,17.91,74.627,14.386,-0.285
COK,Cook Islands,1978,17849.0,17.849,74.373,14.895,-0.398
COK,Cook Islands,1979,17778.0,17.778,74.075,15.37,-0.405
COK,Cook Islands,1980,17697.0,17.697,73.735,15.813,-0.514
COK,Cook Islands,1981,17605.0,17.605,73.352,16.232,-0.528
COK,Cook Islands,1982,17471.0,17.471,72.796,16.658,-0.996
COK,Cook Islands,1983,17279.0,17.279,71.998,17.091,-1.21
COK,Cook Islands,1984,17063.0,17.063,71.094,17.471,-1.319
COK,Cook Islands,1985,16832.0,16.832,70.133,17.796,-1.402
COK,Cook Islands,1986,16602.0,16.602,69.173,18.068,-1.355
COK,Cook Islands,1987,16578.0,16.578,69.073,18.452,1.068
COK,Cook Islands,1988,16753.0,16.753,69.802,18.936,1.033
COK,Cook Islands,1989,16931.0,16.931,70.548,19.372,1.093
COK,Cook Islands,1990,17120.0,17.12,71.333,19.751,1.122
COK,Cook Islands,1991,17309.0,17.309,72.123,20.061,1.08
COK,Cook Islands,1992,17471.0,17.471,72.794,20.392,0.773
COK,Cook Islands,1993,17591.0,17.591,73.298,20.776,0.608
COK,Cook Islands,1994,17689.0,17.689,73.704,21.141,0.497
COK,Cook Islands,1995,17781.0,17.781,74.088,21.473,0.54
COK,Cook Islands,1996,17855.0,17.855,74.398,21.73,0.297
COK,Cook Islands,1997,17622.0,17.622,73.425,22.051,-2.951
COK,Cook Islands,1998,17079.0,17.079,71.162,22.543,-3.314
COK,Cook Islands,1999,16483.0,16.483,68.681,23.053,-3.792
COK,Cook Islands,2000,15854.0,15.854,66.06,23.54,-3.993
COK,Cook Islands,2001,15235.0,15.235,63.479,23.966,-3.978
COK,Cook Islands,2002,14967.0,14.967,62.365,24.377,0.474
COK,Cook Islands,2003,15027.0,15.027,62.612,24.82,0.319
COK,Cook Islands,2004,15078.0,15.078,62.823,25.258,0.352
COK,Cook Islands,2005,15132.0,15.132,63.048,25.695,0.363
COK,Cook Islands,2006,15206.0,15.206,63.358,26.122,0.618
COK,Cook Islands,2007,15495.0,15.495,64.563,26.666,3.124
COK,Cook Islands,2008,15981.0,15.981,66.588,27.33,3.054
COK,Cook Islands,2009,16475.0,16.475,68.646,28.012,3.035
COK,Cook Islands,2010,16976.0,16.976,70.733,28.705,2.957
COK,Cook Islands,2011,17455.0,17.455,72.729,29.398,2.613
COK,Cook Islands,2012,17661.0,17.661,73.588,29.929,-0.249
COK,Cook Islands,2013,17605.0,17.605,73.354,30.309,-0.386
COK,Cook Islands,2014,17532.0,17.532,73.052,30.687,-0.439
COK,Cook Islands,2015,17446.0,17.446,72.692,31.071,-0.55
COK,Cook Islands,2016,17332.0,17.332,72.219,31.454,-0.756
COK,Cook Islands,2017,17047.0,17.047,71.029,31.811,-2.581
COK,Cook Islands,2018,16596.0,16.596,69.152,32.139,-2.778
COK,Cook Islands,2019,16129.000000000002,16.129,67.204,32.451,-2.939
COK,Cook Islands,2020,15643.0,15.643,65.181,32.739,-3.177
COK,Cook Islands,2021,15182.0,15.182,63.26,33.265,-2.799
COK,Cook Islands,2022,14723.0,14.723,61.348,34.109,-3.349
COK,Cook Islands,2023,14222.0,14.222,59.258,35.075,-3.586
PYF,French Polynesia,1950,64343.0,64.343,17.465,16.854,2.333
PYF,French Polynesia,1951,65906.0,65.906,17.89,16.945,2.466
PYF,French Polynesia,1952,67612.0,67.612,18.353,17.028,2.646
PYF,French Polynesia,1953,69487.0,69.487,18.862,17.091,2.821
PYF,French Polynesia,1954,71557.0,71.557,19.424,17.123,3.047
PYF,French Polynesia,1955,73849.0,73.849,20.046,17.116,3.254
PYF,French Polynesia,1956,76326.0,76.326,20.718,17.078,3.343
PYF,French Polynesia,1957,78442.0,78.442,21.292,17.066,2.143
PYF,French Polynesia,1958,80150.0,80.15,21.756,17.063,2.166
PYF,French Polynesia,1959,81899.0,81.899,22.231,17.013,2.152
PYF,French Polynesia,1960,83671.0,83.671,22.712,16.915,2.13
PYF,French Polynesia,1961,85434.0,85.434,23.191,16.784,2.043
PYF,French Polynesia,1962,87261.0,87.261,23.687,16.638,2.188
PYF,French Polynesia,1963,89737.0,89.737,24.358,16.53,3.389
PYF,French Polynesia,1964,92823.0,92.823,25.196,16.453,3.376
PYF,French Polynesia,1965,96017.0,96.017,26.063,16.347,3.39
PYF,French Polynesia,1966,99320.0,99.32,26.96,16.215,3.372
PYF,French Polynesia,1967,102754.0,102.754,27.892,16.079,3.427
PYF,French Polynesia,1968,106353.0,106.353,28.869,15.963,3.458
PYF,French Polynesia,1969,110111.0,110.111,29.889,15.875,3.486
PYF,French Polynesia,1970,114010.0,114.01,30.947,15.822,3.475
PYF,French Polynesia,1971,117945.0,117.945,32.016,15.906,3.315
PYF,French Polynesia,1972,121886.0,121.886,33.085,16.125,3.26
PYF,French Polynesia,1973,125897.0,125.897,34.174,16.381,3.216
PYF,French Polynesia,1974,129960.00000000001,129.96,35.277,16.655,3.138
PYF,French Polynesia,1975,134045.0,134.045,36.386,16.938,3.053
PYF,French Polynesia,1976,138114.0,138.114,37.49,17.225,2.93
PYF,French Polynesia,1977,142313.0,142.313,38.63,17.479,3.057
PYF,French Polynesia,1978,146821.0,146.821,39.854,17.676,3.179
PYF,French Polynesia,1979,151569.0,151.569,41.143,17.851,3.186
PYF,French Polynesia,1980,156471.0,156.471,42.473,18.031,3.18
PYF,French Polynesia,1981,161506.0,161.506,43.84,18.222,3.154
PYF,French Polynesia,1982,166646.0,166.646,45.235,18.431,3.113
PYF,French Polynesia,1983,171750.0,171.75,46.62,18.666,2.922
PYF,French Polynesia,1984,176469.0,176.469,47.901,18.927,2.505
PYF,French Polynesia,1985,180988.0,180.988,49.128,19.198,2.552
PYF,French Polynesia,1986,185669.0,185.669,50.399,19.464,2.555
PYF,French Polynesia,1987,190449.0,190.449,51.696,19.731,2.529
PYF,French Polynesia,1988,195193.0,195.193,52.984,19.995,2.394
PYF,French Polynesia,1989,199643.0,199.643,54.192,20.256,2.117
PYF,French Polynesia,1990,203776.0,203.776,55.314,20.529,1.983
PYF,French Polynesia,1991,207744.0,207.744,56.391,20.822,1.874
PYF,French Polynesia,1992,211559.0,211.559,57.426,21.125,1.766
PYF,French Polynesia,1993,215219.0,215.219,58.42,21.438,1.665
PYF,French Polynesia,1994,218738.0,218.738,59.375,21.764,1.58
PYF,French Polynesia,1995,222118.0,222.118,60.293,22.105,1.488
PYF,French Polynesia,1996,225489.0,225.489,61.208,22.46,1.525
PYF,French Polynesia,1997,229121.0,229.121,62.194,22.838,1.669
PYF,French Polynesia,1998,232891.0,232.891,63.217,23.236,1.595
PYF,French Polynesia,1999,236595.0,236.595,64.222,23.644,1.561
PYF,French Polynesia,2000,240337.0,240.337,65.238,24.053,1.577
PYF,French Polynesia,2001,244097.0,244.097,66.259,24.457,1.529
PYF,French Polynesia,2002,247775.0,247.775,67.257,24.865,1.463
PYF,French Polynesia,2003,251637.0,251.637,68.305,25.209,1.629
PYF,French Polynesia,2004,255654.0,255.654,69.396,25.493,1.54
PYF,French Polynesia,2005,259507.0,259.507,70.442,25.794,1.452
PYF,French Polynesia,2006,263223.0,263.223,71.45,26.119,1.392
PYF,French Polynesia,2007,266438.0,266.438,72.323,26.479,1.038
PYF,French Polynesia,2008,268379.0,268.379,72.85,26.871,0.416
PYF,French Polynesia,2009,269481.0,269.481,73.149,27.278,0.404
PYF,French Polynesia,2010,270580.0,270.58,73.447,27.678,0.409
PYF,French Polynesia,2011,271727.0,271.727,73.759,28.068,0.436
PYF,French Polynesia,2012,273084.0,273.084,74.127,28.456,0.559
PYF,French Polynesia,2013,274728.0,274.728,74.573,28.882,0.641
PYF,French Polynesia,2014,276387.0,276.387,75.024,29.351,0.564
PYF,French Polynesia,2015,277866.0,277.866,75.425,29.836,0.503
PYF,French Polynesia,2016,279178.0,279.178,75.781,30.337,0.439
PYF,French Polynesia,2017,280087.0,280.087,76.028,30.896,0.212
PYF,French Polynesia,2018,279815.0,279.815,75.954,31.632,-0.406
PYF,French Polynesia,2019,279034.0,279.034,75.742,32.428,-0.154
PYF,French Polynesia,2020,279209.0,279.209,75.79,33.035,0.279
PYF,French Polynesia,2021,279792.0,279.792,75.948,33.562,0.138
PYF,French Polynesia,2022,280378.0,280.378,76.107,34.16,0.28
PYF,French Polynesia,2023,281118.0,281.118,76.308,34.791,0.247
NIU,Niue,1950,4497.0,4.497,17.296,18.773,2.09
NIU,Niue,1951,4542.0,4.542,17.469,18.877,-0.088
NIU,Niue,1952,4558.0,4.558,17.531,18.702,0.79
NIU,Niue,1953,4577.0,4.577,17.606,18.303,0.066
NIU,Niue,1954,4595.0,4.595,17.671,17.921,0.675
NIU,Niue,1955,4628.0,4.628,17.802,17.626,0.799
NIU,Niue,1956,4670.0,4.67,17.962,17.385,0.985
NIU,Niue,1957,4717.0,4.717,18.142,17.167,1.018
NIU,Niue,1958,4765.0,4.765,18.325,16.853,0.986
NIU,Niue,1959,4806.0,4.806,18.485,16.442,0.749
NIU,Niue,1960,4825.0,4.825,18.56,15.942,0.062
NIU,Niue,1961,4849.0,4.849,18.652,15.356,0.928
NIU,Niue,1962,4926.0,4.926,18.946,14.899,2.193
NIU,Niue,1963,5030.0,5.03,19.348,14.643,2.008
NIU,Niue,1964,5126.0,5.126,19.715,14.558,1.756
NIU,Niue,1965,5201.0,5.201,20.004,14.607,1.154
NIU,Niue,1966,5238.0,5.238,20.146,14.734,0.267
NIU,Niue,1967,5239.0,5.239,20.148,14.71,-0.248
NIU,Niue,1968,5211.0,5.211,20.042,14.539,-0.806
NIU,Niue,1969,5162.0,5.162,19.852,14.381,-1.104
NIU,Niue,1970,5109.0,5.109,19.652,14.264,-0.92
NIU,Niue,1971,5038.0,5.038,19.377,14.213,-1.906
NIU,Niue,1972,4894.0,4.894,18.823,14.351,-3.924
NIU,Niue,1973,4693.0,4.693,18.05,14.66,-4.475
NIU,Niue,1974,4472.0,4.472,17.2,14.973,-5.189
NIU,Niue,1975,4229.0,4.229,16.267,15.268,-5.984
NIU,Niue,1976,3995.0,3.995,15.365,15.548,-5.408
NIU,Niue,1977,3846.0,3.846,14.794,15.883,-2.106
NIU,Niue,1978,3757.0,3.757,14.45,16.277,-2.609
NIU,Niue,1979,3652.0,3.652,14.048,16.691,-3.039
NIU,Niue,1980,3533.0,3.533,13.588,17.168,-3.623
NIU,Niue,1981,3393.0,3.393,13.052,17.692,-4.45
NIU,Niue,1982,3251.0,3.251,12.504,18.295,-4.122
NIU,Niue,1983,3108.0,3.108,11.956,18.965,-4.859
NIU,Niue,1984,2949.0,2.949,11.342,19.53,-5.698
NIU,Niue,1985,2783.0,2.783,10.702,19.96,-5.932
NIU,Niue,1986,2634.0,2.634,10.131,20.343,-5.012
NIU,Niue,1987,2559.0,2.559,9.842,20.788,-0.703
NIU,Niue,1988,2539.0,2.539,9.763,21.305,-0.906
NIU,Niue,1989,2513.0,2.513,9.665,21.895,-1.114
NIU,Niue,1990,2483.0,2.483,9.552,22.55,-1.248
NIU,Niue,1991,2451.0,2.451,9.429,23.255,-1.346
NIU,Niue,1992,2414.0,2.414,9.285,23.943,-1.74
NIU,Niue,1993,2376.0,2.376,9.137,24.664,-1.473
NIU,Niue,1994,2340.0,2.34,8.998,25.408,-1.582
NIU,Niue,1995,2303.0,2.303,8.858,26.13,-1.563
NIU,Niue,1996,2265.0,2.265,8.713,26.708,-1.722
NIU,Niue,1997,2223.0,2.223,8.548,27.16,-2.115
NIU,Niue,1998,2170.0,2.17,8.346,27.658,-2.673
NIU,Niue,1999,2111.0,2.111,8.117,28.141,-2.891
NIU,Niue,2000,2047.0000000000002,2.047,7.873,28.663,-3.225
NIU,Niue,2001,1988.0,1.988,7.644,29.289,-2.667
NIU,Niue,2002,1942.0,1.942,7.471,29.882,-1.905
NIU,Niue,2003,1908.0,1.908,7.338,30.471,-1.677
NIU,Niue,2004,1869.0,1.869,7.188,31.035,-2.461
NIU,Niue,2005,1827.0,1.827,7.027,31.558,-2.08
NIU,Niue,2006,1798.0,1.798,6.913,32.134,-1.168
NIU,Niue,2007,1784.0,1.784,6.862,32.53,-0.336
NIU,Niue,2008,1780.0,1.78,6.844,32.761,-0.169
NIU,Niue,2009,1777.0,1.777,6.835,33.182,-0.113
NIU,Niue,2010,1768.0,1.768,6.8,33.607,-0.905
NIU,Niue,2011,1757.0,1.757,6.756,34.044,-0.399
NIU,Niue,2012,1757.0,1.757,6.758,34.468,0.455
NIU,Niue,2013,1762.0,1.762,6.777,34.726,0.114
NIU,Niue,2014,1769.0,1.769,6.804,34.98,0.678
NIU,Niue,2015,1779.0,1.779,6.842,35.166,0.45
NIU,Niue,2016,1782.0,1.782,6.854,35.409,-0.112
NIU,Niue,2017,1780.0,1.78,6.846,35.675,-0.112
NIU,Niue,2018,1786.0,1.786,6.869,35.97,0.784
NIU,Niue,2019,1793.0,1.793,6.896,35.902,0.0
NIU,Niue,2020,1799.0,1.799,6.917,35.986,0.612
NIU,Niue,2021,1813.0,1.813,6.975,36.506,1.048
NIU,Niue,2022,1821.0,1.821,7.006,36.721,-0.165
NIU,Niue,2023,1817.0,1.817,6.99,36.555,-0.275
WSM,Samoa,1950,88281.0,88.281,31.195,14.696,2.412
WSM,Samoa,1951,90510.0,90.51,31.982,14.596,2.574
WSM,Samoa,1952,92701.0,92.701,32.757,14.516,2.214
WSM,Samoa,1953,94773.0,94.773,33.489,14.474,2.207
WSM,Samoa,1954,96882.0,96.882,34.234,14.446,2.195
WSM,Samoa,1955,99038.0,99.038,34.996,14.417,2.208
WSM,Samoa,1956,101318.0,101.318,35.801,14.377,2.341
WSM,Samoa,1957,103894.0,103.894,36.711,14.3,2.675
WSM,Samoa,1958,106698.0,106.698,37.703,14.191,2.653
WSM,Samoa,1959,109561.0,109.561,38.714,14.077,2.641
WSM,Samoa,1960,112490.0,112.49,39.749,13.973,2.638
WSM,Samoa,1961,115496.0,115.496,40.811,13.885,2.636
WSM,Samoa,1962,118597.0,118.597,41.907,13.745,2.662
WSM,Samoa,1963,121764.0,121.764,43.026,13.59,2.61
WSM,Samoa,1964,124894.0,124.894,44.132,13.51,2.467
WSM,Samoa,1965,127978.0,127.978,45.222,13.472,2.414
WSM,Samoa,1966,131073.0,131.073,46.316,13.46,2.365
WSM,Samoa,1967,133764.0,133.764,47.266,13.452,1.706
WSM,Samoa,1968,136020.0,136.02,48.064,13.444,1.64
WSM,Samoa,1969,138233.0,138.233,48.846,13.466,1.587
WSM,Samoa,1970,140400.0,140.4,49.611,13.518,1.525
WSM,Samoa,1971,142503.0,142.503,50.354,13.602,1.448
WSM,Samoa,1972,144538.0,144.538,51.073,13.717,1.388
WSM,Samoa,1973,146516.0,146.516,51.772,13.865,1.331
WSM,Samoa,1974,149431.0,149.431,52.803,14.041,2.597
WSM,Samoa,1975,153344.0,153.344,54.185,14.243,2.572
WSM,Samoa,1976,157113.0,157.113,55.517,14.474,2.288
WSM,Samoa,1977,159753.0,159.753,56.45,14.701,1.054
WSM,Samoa,1978,161375.0,161.375,57.023,14.906,0.967
WSM,Samoa,1979,162882.0,162.882,57.556,15.096,0.893
WSM,Samoa,1980,164322.0,164.322,58.064,15.275,0.867
WSM,Samoa,1981,165678.0,165.678,58.543,15.455,0.776
WSM,Samoa,1982,166484.0,166.484,58.828,15.701,0.196
WSM,Samoa,1983,166714.0,166.714,58.91,15.997,0.08
WSM,Samoa,1984,166796.0,166.796,58.939,16.271,0.018
WSM,Samoa,1985,166849.0,166.849,58.957,16.515,0.045
WSM,Samoa,1986,167061.0,167.061,59.032,16.726,0.21
WSM,Samoa,1987,167661.0,167.661,59.244,16.919,0.507
WSM,Samoa,1988,168346.0,168.346,59.486,17.097,0.309
WSM,Samoa,1989,168768.0,168.768,59.635,17.241,0.192
WSM,Samoa,1990,169042.0,169.042,59.732,17.35,0.132
WSM,Samoa,1991,169368.0,169.368,59.847,17.454,0.254
WSM,Samoa,1992,170331.0,170.331,60.187,17.686,0.878
WSM,Samoa,1993,171774.0,171.774,60.698,18.021,0.811
WSM,Samoa,1994,173159.0,173.159,61.187,18.321,0.794
WSM,Samoa,1995,174571.0,174.571,61.686,18.565,0.83
WSM,Samoa,1996,176071.0,176.071,62.216,18.733,0.881
WSM,Samoa,1997,177547.0,177.547,62.737,18.838,0.788
WSM,Samoa,1998,178905.0,178.905,63.217,18.888,0.736
WSM,Samoa,1999,180275.0,180.275,63.702,18.874,0.79
WSM,Samoa,2000,181685.0,181.685,64.2,18.804,0.767
WSM,Samoa,2001,183166.0,183.166,64.723,18.651,0.856
WSM,Samoa,2002,184471.0,184.471,65.184,18.669,0.565
WSM,Samoa,2003,185430.0,185.43,65.523,18.894,0.472
WSM,Samoa,2004,186249.0,186.249,65.812,19.107,0.409
WSM,Samoa,2005,186978.0,186.978,66.07,19.28,0.374
WSM,Samoa,2006,187709.0,187.709,66.328,19.406,0.406
WSM,Samoa,2007,188753.0,188.753,66.697,19.516,0.703
WSM,Samoa,2008,190107.0,190.107,67.176,19.626,0.727
WSM,Samoa,2009,191513.0,191.513,67.673,19.701,0.747
WSM,Samoa,2010,193023.0,193.023,68.206,19.725,0.822
WSM,Samoa,2011,194713.0,194.713,68.803,19.715,0.921
WSM,Samoa,2012,196498.0,196.498,69.434,19.767,0.904
WSM,Samoa,2013,198268.0,198.268,70.06,19.904,0.89
WSM,Samoa,2014,200037.0,200.037,70.684,20.033,0.886
WSM,Samoa,2015,201782.0,201.782,71.301,20.119,0.851
WSM,Samoa,2016,203499.0,203.499,71.908,20.183,0.843
WSM,Samoa,2017,205415.0,205.415,72.585,20.29,1.03
WSM,Samoa,2018,207582.0,207.582,73.351,20.402,1.069
WSM,Samoa,2019,209780.0,209.78,74.127,20.42,1.037
WSM,Samoa,2020,211944.0,211.944,74.892,20.366,1.016
WSM,Samoa,2021,213779.0,213.779,75.54,20.253,0.709
WSM,Samoa,2022,215261.0,215.261,76.064,20.091,0.672
WSM,Samoa,2023,216663.0,216.663,76.559,19.904,0.627
TKL,Tokelau,1950,1592.0,1.592,132.667,18.621,-2.764
TKL,Tokelau,1951,1562.0,1.562,130.167,19.083,-1.024
TKL,Tokelau,1952,1563.0,1.563,130.292,19.074,1.215
TKL,Tokelau,1953,1576.0,1.576,131.333,18.559,0.381
TKL,Tokelau,1954,1586.0,1.586,132.167,18.133,0.883
TKL,Tokelau,1955,1593.0,1.593,132.75,17.802,0.0
TKL,Tokelau,1956,1604.0,1.604,133.667,17.478,1.372
TKL,Tokelau,1957,1637.0,1.637,136.375,17.146,2.628
TKL,Tokelau,1958,1682.0,1.682,140.125,16.786,2.795
TKL,Tokelau,1959,1730.0,1.73,144.125,16.59,2.833
TKL,Tokelau,1960,1784.0,1.784,148.667,16.409,3.364
TKL,Tokelau,1961,1839.0,1.839,153.208,16.333,2.665
TKL,Tokelau,1962,1869.0,1.869,155.792,16.171,0.695
TKL,Tokelau,1963,1882.0,1.882,156.833,15.777,0.638
TKL,Tokelau,1964,1893.0,1.893,157.708,15.353,0.476
TKL,Tokelau,1965,1899.0,1.899,158.208,14.877,0.158
TKL,Tokelau,1966,1898.0,1.898,158.167,14.372,-0.211
TKL,Tokelau,1967,1874.0,1.874,156.125,14.297,-2.402
TKL,Tokelau,1968,1827.0,1.827,152.25,14.484,-2.627
TKL,Tokelau,1969,1777.0,1.777,148.042,14.612,-2.984
TKL,Tokelau,1970,1720.0,1.72,143.375,14.543,-3.43
TKL,Tokelau,1971,1666.0,1.666,138.792,14.287,-3.062
TKL,Tokelau,1972,1641.0,1.641,136.708,14.374,0.061
TKL,Tokelau,1973,1643.0,1.643,136.875,14.738,0.183
TKL,Tokelau,1974,1642.0,1.642,136.792,15.019,-0.305
TKL,Tokelau,1975,1639.0,1.639,136.542,15.145,-0.061
TKL,Tokelau,1976,1643.0,1.643,136.875,15.356,0.548
TKL,Tokelau,1977,1653.0,1.653,137.708,15.808,0.666
TKL,Tokelau,1978,1663.0,1.663,138.542,16.352,0.541
TKL,Tokelau,1979,1666.0,1.666,138.833,16.791,-0.12
TKL,Tokelau,1980,1664.0,1.664,138.667,17.116,-0.12
TKL,Tokelau,1981,1664.0,1.664,138.625,17.485,0.06
TKL,Tokelau,1982,1666.0,1.666,138.833,17.91,0.24
TKL,Tokelau,1983,1689.0,1.689,140.75,18.18,2.487
TKL,Tokelau,1984,1727.0,1.727,143.917,18.176,1.969
TKL,Tokelau,1985,1761.0,1.761,146.75,18.114,1.931
TKL,Tokelau,1986,1782.0,1.782,148.5,18.29,0.449
TKL,Tokelau,1987,1778.0,1.778,148.167,18.627,-0.9
TKL,Tokelau,1988,1766.0,1.766,147.167,18.986,-0.453
TKL,Tokelau,1989,1763.0,1.763,146.917,19.354,0.113
TKL,Tokelau,1990,1767.0,1.767,147.208,19.637,0.283
TKL,Tokelau,1991,1774.0,1.774,147.792,19.708,0.507
TKL,Tokelau,1992,1778.0,1.778,148.167,19.858,0.0
TKL,Tokelau,1993,1775.0,1.775,147.917,20.114,-0.338
TKL,Tokelau,1994,1772.0,1.772,147.625,20.255,-0.056
TKL,Tokelau,1995,1771.0,1.771,147.583,20.473,0.0
TKL,Tokelau,1996,1771.0,1.771,147.583,20.639,0.0
TKL,Tokelau,1997,1782.0,1.782,148.458,20.76,1.179
TKL,Tokelau,1998,1801.0,1.801,150.083,20.851,0.999
TKL,Tokelau,1999,1821.0,1.821,151.792,20.946,1.263
TKL,Tokelau,2000,1845.0,1.845,153.708,20.92,1.247
TKL,Tokelau,2001,1864.0,1.864,155.333,20.955,0.858
TKL,Tokelau,2002,1839.0,1.839,153.292,21.403,-3.534
TKL,Tokelau,2003,1774.0,1.774,147.833,22.185,-3.721
TKL,Tokelau,2004,1705.0,1.705,142.083,23.025,-4.224
TKL,Tokelau,2005,1631.0,1.631,135.875,23.829,-4.723
TKL,Tokelau,2006,1569.0,1.569,130.75,24.66,-2.932
TKL,Tokelau,2007,1552.0,1.552,129.333,25.257,0.773
TKL,Tokelau,2008,1563.0,1.563,130.208,25.469,0.576
TKL,Tokelau,2009,1574.0,1.574,131.167,25.461,0.889
TKL,Tokelau,2010,1585.0,1.585,132.042,25.148,0.442
TKL,Tokelau,2011,1599.0,1.599,133.208,24.881,1.314
TKL,Tokelau,2012,1659.0,1.659,138.25,24.825,6.03
TKL,Tokelau,2013,1726.0,1.726,143.792,24.817,1.913
TKL,Tokelau,2014,1728.0,1.728,144.0,25.0,-1.62
TKL,Tokelau,2015,1698.0,1.698,141.5,25.255,-1.885
TKL,Tokelau,2016,1677.0,1.677,139.75,25.459,-0.596
TKL,Tokelau,2017,1742.0,1.742,145.125,25.614,7.986
TKL,Tokelau,2018,1878.0,1.878,156.458,25.696,7.087
TKL,Tokelau,2019,2013.9999999999998,2.014,167.833,25.791,6.954
TKL,Tokelau,2020,2128.0,2.128,177.333,26.058,4.136
TKL,Tokelau,2021,2205.0,2.205,183.75,26.413,2.993
TKL,Tokelau,2022,2290.0,2.29,190.833,26.555,4.542
TKL,Tokelau,2023,2397.0,2.397,199.792,26.65,4.631
TON,Tonga,1950,49660.0,49.66,76.399,16.591,2.491
TON,Tonga,1951,50951.0,50.951,78.386,16.527,2.642
TON,Tonga,1952,52358.0,52.358,80.551,16.457,2.804
TON,Tonga,1953,53881.0,53.881,82.894,16.379,2.929
TON,Tonga,1954,55516.0,55.516,85.408,16.296,3.046
TON,Tonga,1955,57257.0,57.257,88.087,16.209,3.128
TON,Tonga,1956,59099.0,59.099,90.921,16.118,3.203
TON,Tonga,1957,60880.0,60.88,93.662,16.058,2.745
TON,Tonga,1958,62586.0,62.586,96.285,16.028,2.779
TON,Tonga,1959,64349.99999999999,64.35,98.999,16.0,2.78
TON,Tonga,1960,66170.0,66.17,101.8,15.971,2.799
TON,Tonga,1961,68037.0,68.037,104.672,15.948,2.766
TON,Tonga,1962,69940.0,69.94,107.6,15.943,2.751
TON,Tonga,1963,71885.0,71.885,110.592,15.95,2.735
TON,Tonga,1964,73879.0,73.879,113.659,15.941,2.736
TON,Tonga,1965,75924.0,75.924,116.807,15.922,2.728
TON,Tonga,1966,78002.0,78.002,120.004,15.921,2.673
TON,Tonga,1967,79814.0,79.814,122.79,15.851,1.926
TON,Tonga,1968,81353.0,81.353,125.158,15.729,1.894
TON,Tonga,1969,82885.0,82.885,127.515,15.643,1.838
TON,Tonga,1970,84401.0,84.401,129.848,15.592,1.79
TON,Tonga,1971,85896.0,85.896,132.148,15.579,1.721
TON,Tonga,1972,87356.0,87.356,134.394,15.592,1.651
TON,Tonga,1973,88805.0,88.805,136.622,15.621,1.638
TON,Tonga,1974,90683.0,90.683,139.513,15.613,2.54
TON,Tonga,1975,93017.0,93.017,143.104,15.573,2.543
TON,Tonga,1976,95325.0,95.325,146.654,15.575,2.36
TON,Tonga,1977,96725.0,96.725,148.808,15.694,0.569
TON,Tonga,1978,97204.0,97.204,149.545,15.902,0.421
TON,Tonga,1979,97544.0,97.544,150.068,16.097,0.278
TON,Tonga,1980,97769.0,97.769,150.415,16.275,0.183
TON,Tonga,1981,97909.0,97.909,150.628,16.436,0.101
TON,Tonga,1982,97980.0,97.98,150.738,16.579,0.044
TON,Tonga,1983,97998.0,97.998,150.766,16.709,-0.006
TON,Tonga,1984,97990.0,97.99,150.753,16.835,-0.011
TON,Tonga,1985,97984.0,97.984,150.744,16.966,-0.001
TON,Tonga,1986,98010.0,98.01,150.785,17.108,0.055
TON,Tonga,1987,98376.0,98.376,151.347,17.33,0.688
TON,Tonga,1988,98969.0,98.969,152.26,17.619,0.515
TON,Tonga,1989,99403.0,99.403,152.928,17.886,0.36
TON,Tonga,1990,99700.0,99.7,153.384,18.121,0.236
TON,Tonga,1991,99895.0,99.895,153.685,18.313,0.157
TON,Tonga,1992,100022.0,100.022,153.881,18.456,0.097
TON,Tonga,1993,100103.0,100.103,154.005,18.547,0.064
TON,Tonga,1994,100166.0,100.166,154.102,18.585,0.062
TON,Tonga,1995,100225.0,100.225,154.192,18.581,0.055
TON,Tonga,1996,100275.0,100.275,154.27,18.571,0.047
TON,Tonga,1997,100674.0,100.674,154.882,18.679,0.744
TON,Tonga,1998,101388.0,101.388,155.981,18.896,0.67
TON,Tonga,1999,102046.0,102.046,156.994,19.11,0.625
TON,Tonga,2000,102677.0,102.677,157.965,19.305,0.609
TON,Tonga,2001,103288.0,103.288,158.905,19.471,0.578
TON,Tonga,2002,103874.0,103.874,159.805,19.604,0.552
TON,Tonga,2003,104464.0,104.464,160.714,19.699,0.582
TON,Tonga,2004,105071.0,105.071,161.648,19.755,0.577
TON,Tonga,2005,105671.0,105.671,162.571,19.779,0.562
TON,Tonga,2006,106253.0,106.253,163.466,19.773,0.536
TON,Tonga,2007,106726.0,106.726,164.194,19.846,0.352
TON,Tonga,2008,107020.0,107.02,164.646,19.994,0.198
TON,Tonga,2009,107203.0,107.203,164.927,20.098,0.143
TON,Tonga,2010,107400.0,107.4,165.23,20.132,0.224
TON,Tonga,2011,107570.0,107.57,165.492,20.138,0.092
TON,Tonga,2012,107460.0,107.46,165.322,20.235,-0.297
TON,Tonga,2013,107078.0,107.078,164.735,20.404,-0.416
TON,Tonga,2014,106609.0,106.609,164.014,20.552,-0.462
TON,Tonga,2015,106095.0,106.095,163.223,20.663,-0.505
TON,Tonga,2016,105524.0,105.524,162.345,20.732,-0.574
TON,Tonga,2017,105356.0,105.356,162.085,20.819,0.255
TON,Tonga,2018,105567.0,105.567,162.41,20.907,0.145
TON,Tonga,2019,105669.0,105.669,162.568,20.924,0.05
TON,Tonga,2020,105704.0,105.704,162.621,20.894,0.014
TON,Tonga,2021,105490.0,105.49,162.292,20.802,-0.42
TON,Tonga,2022,105042.0,105.042,161.603,20.726,-0.43
TON,Tonga,2023,104597.0,104.597,160.919,20.695,-0.418
TUV,Tuvalu,1950,4765.0,4.765,158.817,22.723,4.471
TUV,Tuvalu,1951,4926.0,4.926,164.183,22.456,2.213
TUV,Tuvalu,1952,5050.0,5.05,168.317,22.273,2.753
TUV,Tuvalu,1953,5175.0,5.175,172.5,22.124,2.164
TUV,Tuvalu,1954,5269.0,5.269,175.633,21.961,1.442
TUV,Tuvalu,1955,5335.0,5.335,177.85,21.913,1.068
TUV,Tuvalu,1956,5389.0,5.389,179.633,21.862,0.928
TUV,Tuvalu,1957,5439.0,5.439,181.283,21.903,0.901
TUV,Tuvalu,1958,5497.0,5.497,183.233,22.011,1.237
TUV,Tuvalu,1959,5553.0,5.553,185.083,22.086,0.774
TUV,Tuvalu,1960,5598.0,5.598,186.617,22.211,0.875
TUV,Tuvalu,1961,5648.0,5.648,188.267,22.396,0.885
TUV,Tuvalu,1962,5699.0,5.699,189.983,22.443,0.93
TUV,Tuvalu,1963,5751.0,5.751,191.7,22.122,0.869
TUV,Tuvalu,1964,5752.0,5.752,191.733,20.169,-0.834
TUV,Tuvalu,1965,5715.0,5.715,190.517,17.782,-0.437
TUV,Tuvalu,1966,5686.0,5.686,189.517,16.986,-0.616
TUV,Tuvalu,1967,5652.0,5.652,188.417,16.723,-0.548
TUV,Tuvalu,1968,5624.0,5.624,187.45,16.642,-0.48
TUV,Tuvalu,1969,5631.0,5.631,187.7,16.744,0.746
TUV,Tuvalu,1970,5663.0,5.663,188.767,17.035,0.388
TUV,Tuvalu,1971,5685.0,5.685,189.5,17.393,0.387
TUV,Tuvalu,1972,5692.0,5.692,189.75,17.842,-0.123
TUV,Tuvalu,1973,5681.0,5.681,189.383,18.369,-0.264
TUV,Tuvalu,1974,5822.0,5.822,194.067,18.663,5.085
TUV,Tuvalu,1975,6117.0,6.117,203.883,18.749,4.791
TUV,Tuvalu,1976,6404.0,6.404,213.483,18.908,4.419
TUV,Tuvalu,1977,6686.0,6.686,222.85,19.131,4.174
TUV,Tuvalu,1978,6957.0,6.957,231.917,19.464,3.809
TUV,Tuvalu,1979,7184.0,7.184,239.45,19.701,2.603
TUV,Tuvalu,1980,7366.0,7.366,245.533,19.849,2.417
TUV,Tuvalu,1981,7526.0,7.526,250.867,20.18,1.887
TUV,Tuvalu,1982,7664.0,7.664,255.45,20.698,1.736
TUV,Tuvalu,1983,7789.0,7.789,259.633,21.342,1.515
TUV,Tuvalu,1984,7902.0,7.902,263.4,22.072,1.367
TUV,Tuvalu,1985,8045.999999999999,8.046,268.217,22.553,2.25
TUV,Tuvalu,1986,8217.0,8.217,273.917,22.789,1.959
TUV,Tuvalu,1987,8371.0,8.371,279.033,23.028,1.744
TUV,Tuvalu,1988,8518.0,8.518,283.933,23.255,1.738
TUV,Tuvalu,1989,8662.0,8.662,288.75,23.472,1.628
TUV,Tuvalu,1990,8798.0,8.798,293.267,23.681,1.478
TUV,Tuvalu,1991,8928.0,8.928,297.6,23.87,1.456
TUV,Tuvalu,1992,9038.0,9.038,301.267,23.962,0.996
TUV,Tuvalu,1993,9126.0,9.126,304.183,24.008,0.931
TUV,Tuvalu,1994,9207.0,9.207,306.917,24.048,0.858
TUV,Tuvalu,1995,9280.0,9.28,309.317,24.017,0.7
TUV,Tuvalu,1996,9342.0,9.342,311.4,23.865,0.642
TUV,Tuvalu,1997,9400.0,9.4,313.35,23.603,0.606
TUV,Tuvalu,1998,9451.0,9.451,315.033,23.331,0.466
TUV,Tuvalu,1999,9496.0,9.496,316.533,23.027,0.484
TUV,Tuvalu,2000,9544.0,9.544,318.133,22.736,0.524
TUV,Tuvalu,2001,9586.0,9.586,319.55,22.521,0.365
TUV,Tuvalu,2002,9623.0,9.623,320.75,22.42,0.385
TUV,Tuvalu,2003,9695.0,9.695,323.183,22.403,1.124
TUV,Tuvalu,2004,9816.0,9.816,327.2,22.42,1.345
TUV,Tuvalu,2005,9940.0,9.94,331.317,22.461,1.157
TUV,Tuvalu,2006,10056.0,10.056,335.183,22.527,1.164
TUV,Tuvalu,2007,10182.0,10.182,339.4,22.62,1.336
TUV,Tuvalu,2008,10321.0,10.321,344.033,22.731,1.376
TUV,Tuvalu,2009,10461.0,10.461,348.717,22.848,1.329
TUV,Tuvalu,2010,10614.0,10.614,353.8,22.975,1.564
TUV,Tuvalu,2011,10780.0,10.78,359.317,23.089,1.531
TUV,Tuvalu,2012,10934.0,10.934,364.483,23.149,1.326
TUV,Tuvalu,2013,11001.0,11.001,366.683,23.266,-0.118
TUV,Tuvalu,2014,10984.0,10.984,366.133,23.469,-0.182
TUV,Tuvalu,2015,10963.0,10.963,365.433,23.68,-0.201
TUV,Tuvalu,2016,10930.0,10.93,364.317,23.916,-0.412
TUV,Tuvalu,2017,10869.0,10.869,362.3,24.161,-0.699
TUV,Tuvalu,2018,10751.0,10.751,358.35,24.28,-1.498
TUV,Tuvalu,2019,10581.0,10.581,352.7,24.273,-1.682
TUV,Tuvalu,2020,10399.0,10.399,346.65,24.268,-1.779
TUV,Tuvalu,2021,10194.0,10.194,339.783,24.25,-2.227
TUV,Tuvalu,2022,9992.0,9.992,333.067,24.256,-1.761
TUV,Tuvalu,2023,9816.0,9.816,327.183,24.286,-1.803
